ClassName,SITE_Status,SITE_Timestamp,SITE_Rows,SITE_StackDepth,SITE_Note,SQ_Status,SQ_Timestamp,SQ_Rows,SQ_StackDepth,SQ_Note
ClinVal.NoteTaker,Not Started,,,,,Not Started,,,,
ClinVal.NoteTakerHistory,Not Started,,,,,Not Started,,,,
ClinVal.ReviewItem,Not Started,,,,,Not Started,,,,
ClinVal.ReviewItemComp,Not Started,,,,,Not Started,,,,
ClinVal.ReviewItemHistory,Not Started,,,,,Not Started,,,,
ClinVal.ReviewListFilter,Not Started,,,,,Not Started,,,,
ClinVal.ReviewListFilterCriterion,Not Started,,,,,Not Started,,,,
General.Comments,Not Started,,,,,Not Started,,,,
General.CommentsFiler,Not Started,,,,,Not Started,,,,
General.NewComments,Not Started,,,,,Not Started,,,,
InterpretiveResults.ECTFormattedContent,Not Started,,,,,Not Started,,,,
InterpretiveResults.TempECTFormattedContent,Not Started,,,,,Not Started,,,,
InterpretiveResults.TempECTFormattedContentFiler,Not Started,,,,,Not Started,,,,
InterpretiveResultsMaint.EnhancedComposedTextCalculationsIndex,Not Started,,,,,Not Started,,,,
InterpretiveResultsMaint.EnhancedComposedTextCalculationsIndexFiler,Not Started,,,,,Not Started,,,,
InterpretiveResultsMaint.MaintECTDepartments,Not Started,,,,,Not Started,,,,
InterpretiveResultsMaint.MaintECTDepartmentsFiler,Not Started,,,,,Not Started,,,,
InterpretiveResultsMaint.MaintEnhancedComposedText,Not Started,,,,,Not Started,,,,
InterpretiveResultsMaint.MaintEnhancedComposedTextFiler,Not Started,,,,,Not Started,,,,
Lab.CustomQueryBase,Not Started,,,,,Not Started,,,,
Lab.LTNAdapter,Not Started,,,,,Not Started,,,,
Lab.LTNAdapterUtility,Not Started,,,,,Not Started,,,,
Lab.LTNBase,Not Started,,,,,Not Started,,,,
Lab.LTNCommand,Not Started,,,,,Not Started,,,,
Lab.LTNData,Not Started,,,,,Not Started,,,,
Lab.QueryResultsQueue,Not Started,,,,,Not Started,,,,
LabCommon.LabQuery,Not Started,,,,,Not Started,,,,
PatResTrendingRpt.GetDetailsSpecialHandling,Not Started,,,,,Not Started,,,,
PatResTrendingRpt.LogReportDetails,Not Started,,,,,Not Started,,,,
PatResTrendingRpt.OrderSelectionGetAccession,Not Started,,,,,Not Started,,,,
PatResTrendingRpt.TestSelection,Not Started,,,,,Not Started,,,,
ProtoMan.Accession,Not Started,,,,,Not Started,,,,
ProtoMan.Alerts,Not Started,,,,,Not Started,,,,
ProtoMan.AlertsFiler,Not Started,,,,,Not Started,,,,
ProtoMan.Conversion73,Not Started,,,,,Not Started,,,,
ProtoMan.Conversion74,Not Started,,,,,Not Started,,,,
ProtoMan.ConversionQCResultSequence,Not Started,,,,,Not Started,,,,
ProtoMan.DigitalAttachment,Not Started,,,,,Not Started,,,,
ProtoMan.InstrumentComponents,Not Started,,,,,Not Started,,,,
ProtoMan.InstrumentComponentsFiler,Not Started,,,,,Not Started,,,,
ProtoMan.InstrumentMetaData,Not Started,,,,,Not Started,,,,
ProtoMan.InstrumentMetaDataFiler,Not Started,,,,,Not Started,,,,
ProtoMan.InstrumentRawResults,Not Started,,,,,Not Started,,,,
ProtoMan.InstrumentRawResultsFiler,Not Started,,,,,Not Started,,,,
ProtoMan.PendingSpecimen,Not Started,,,,,Not Started,,,,
ProtoMan.PendingSpecimensQuery,Not Started,,,,,Not Started,,,,
ProtoMan.ProtocolActivities,Not Started,,,,,Not Started,,,,
ProtoMan.ProtocolActivitiesFiler,Not Started,,,,,Not Started,,,,
ProtoMan.ProtocolPerformanceStandards,Not Started,,,,,Not Started,,,,
ProtoMan.ProtocolPerformanceStandardsFiler,Not Started,,,,,Not Started,,,,
ProtoMan.ProtocolTaskGroups,Not Started,,,,,Not Started,,,,
ProtoMan.ProtocolTaskGroupsFiler,Not Started,,,,,Not Started,,,,
ProtoMan.ProtocolTasksResponse,Not Started,,,,,Not Started,,,,
ProtoMan.ProtocolTasksResponseFiler,Not Started,,,,,Not Started,,,,
ProtoMan.ProtocolTechs,Not Started,,,,,Not Started,,,,
ProtoMan.ProtocolTechsFiler,Not Started,,,,,Not Started,,,,
ProtoMan.ProtocolTrayMap,Not Started,,,,,Not Started,,,,
ProtoMan.ProtocolTrayMapComponents,Not Started,,,,,Not Started,,,,
ProtoMan.ProtocolTrayMapComponentsFiler,Not Started,,,,,Not Started,,,,
ProtoMan.ProtocolTrayMapFiler,Not Started,,,,,Not Started,,,,
ProtoMan.Protocols,Not Started,,,,,Not Started,,,,
ProtoMan.ProtocolsFiler,Not Started,,,,,Not Started,,,,
ProtoMan.QualifiedTaskGroupAlerts,Not Started,,,,,Not Started,,,,
ProtoMan.QualifiedTaskGroupAlertsFiler,Not Started,,,,,Not Started,,,,
ProtoMan.ReferenceCtrlsforNonctrlXchecks,Not Started,,,,,Not Started,,,,
ProtoMan.ReferenceCtrlsforNonctrlXchecksFiler,Not Started,,,,,Not Started,,,,
ProtoMan.ResultsForTMReports,Not Started,,,,,Not Started,,,,
ProtoMan.RunNumberSequence,Not Started,,,,,Not Started,,,,
ProtoMan.RunNumberSequenceFiler,Not Started,,,,,Not Started,,,,
ProtoMan.SelectSpecimenforTM,Not Started,,,,,Not Started,,,,
ProtoMan.SelectSpecimenforTMFiler,Not Started,,,,,Not Started,,,,
ProtoMan.SelectedSpecimensforTM,Not Started,,,,,Not Started,,,,
ProtoMan.SelectedTestDetailsFromWorksheet,Not Started,,,,,Not Started,,,,
ProtoMan.SelectedTestDetailsFromWorksheetFiler,Not Started,,,,,Not Started,,,,
ProtoMan.SpecimenDemographics,Not Started,,,,,Not Started,,,,
ProtoMan.SpecimenDemographicsQuery,Not Started,,,,,Not Started,,,,
ProtoMan.SpecimenPatientData,Not Started,,,,,Not Started,,,,
ProtoMan.TrayMapComponentResults,Not Started,,,,,Not Started,,,,
ProtoMan.TraymapComponentQCResultIndex,Not Started,,,,,Not Started,,,,
ProtoMan.TraymapComponentQCResultIndexFiler,Not Started,,,,,Not Started,,,,
ProtoMan.TraymapComponentQuery,Not Started,,,,,Not Started,,,,
ProtoMan.TraymapSpecimenQuery,Not Started,,,,,Not Started,,,,
ProtoMan.TraymapSpecimenValidationQuery,Not Started,,,,,Not Started,,,,
ProtoMan.TroubleShootingJournal,Not Started,,,,,Not Started,,,,
ProtoMan.TroubleShootingJournalComponents,Not Started,,,,,Not Started,,,,
ProtoMan.Worksheet,Not Started,,,,,Not Started,,,,
ProtoManMaint.AuditTrailActivityInsert,Not Started,,,,,Not Started,,,,
ProtoManMaint.AuditTrailViewByActivity,Not Started,,,,,Not Started,,,,
ProtoManMaint.AuditTrailViewByProtocol,Not Started,,,,,Not Started,,,,
ProtoManMaint.CheckTestsForResultEntry,Not Started,,,,,Not Started,,,,
ProtoManMaint.Conversion,Not Started,,,,,Not Started,,,,
ProtoManMaint.MaintActivity,Not Started,,,,,Not Started,,,,
ProtoManMaint.MaintActivityFiler,Not Started,,,,,Not Started,,,,
ProtoManMaint.MaintActivityNonTrayMapControls,Not Started,,,,,Not Started,,,,
ProtoManMaint.MaintActivityNonTrayMapControlsFiler,Not Started,,,,,Not Started,,,,
ProtoManMaint.MaintActivityTrayMap,Not Started,,,,,Not Started,,,,
ProtoManMaint.MaintActivityTrayMapControl,Not Started,,,,,Not Started,,,,
ProtoManMaint.MaintActivityTrayMapControlFiler,Not Started,,,,,Not Started,,,,
ProtoManMaint.MaintActivityTrayMapFiler,Not Started,,,,,Not Started,,,,
ProtoManMaint.MaintActivityType,Not Started,,,,,Not Started,,,,
ProtoManMaint.MaintAlertMessageProtocolActivities,Not Started,,,,,Not Started,,,,
ProtoManMaint.MaintAlertMessageProtocolActivitiesFiler,Not Started,,,,,Not Started,,,,
ProtoManMaint.MaintAlertMessages,Not Started,,,,,Not Started,,,,
ProtoManMaint.MaintAlertMessagesFiler,Not Started,,,,,Not Started,,,,
ProtoManMaint.MaintMasterMixComments,Not Started,,,,,Not Started,,,,
ProtoManMaint.MaintMasterMixCommentsFiler,Not Started,,,,,Not Started,,,,
ProtoManMaint.MaintMasterMixDetails,Not Started,,,,,Not Started,,,,
ProtoManMaint.MaintMasterMixFiler,Not Started,,,,,Not Started,,,,
ProtoManMaint.MaintMasterMixPerfStdsFiler,Not Started,,,,,Not Started,,,,
ProtoManMaint.MaintMasterMixReagents,Not Started,,,,,Not Started,,,,
ProtoManMaint.MaintMasterMixReagentsDetails,Not Started,,,,,Not Started,,,,
ProtoManMaint.MaintMasterMixReagentsDetailsFiler,Not Started,,,,,Not Started,,,,
ProtoManMaint.MaintMasterMixReagentsFiler,Not Started,,,,,Not Started,,,,
ProtoManMaint.MaintPerformanceAssociatedActivities,Not Started,,,,,Not Started,,,,
ProtoManMaint.MaintPerformanceAssociatedActivitiesFiler,Not Started,,,,,Not Started,,,,
ProtoManMaint.MaintPerformanceStandard,Not Started,,,,,Not Started,,,,
ProtoManMaint.MaintPerformanceStandardFiler,Not Started,,,,,Not Started,,,,
ProtoManMaint.MaintProtocolActivities,Not Started,,,,,Not Started,,,,
ProtoManMaint.MaintProtocolActivitiesFiler,Not Started,,,,,Not Started,,,,
ProtoManMaint.MaintProtocolAuditTrail,Not Started,,,,,Not Started,,,,
ProtoManMaint.MaintProtocolAuditTrailQuery,Not Started,,,,,Not Started,,,,
ProtoManMaint.MaintProtocolBase,Not Started,,,,,Not Started,,,,
ProtoManMaint.MaintProtocolBaseFiler,Not Started,,,,,Not Started,,,,
ProtoManMaint.MaintResultConfig,Not Started,,,,,Not Started,,,,
ProtoManMaint.MaintResultConfigFiler,Not Started,,,,,Not Started,,,,
ProtoManMaint.MaintSchedule,Not Started,,,,,Not Started,,,,
ProtoManMaint.MaintScheduleFilerBase,Not Started,,,,,Not Started,,,,
ProtoManMaint.MaintTMMasterMixAssociatedActivities,Not Started,,,,,Not Started,,,,
ProtoManMaint.MaintTMMasterMixAssociatedActivitiesFiler,Not Started,,,,,Not Started,,,,
ProtoManMaint.MaintTaskDetails,Not Started,,,,,Not Started,,,,
ProtoManMaint.MaintTaskDetailsFiler,Not Started,,,,,Not Started,,,,
ProtoManMaint.MaintTaskGroupDetails,Not Started,,,,,Not Started,,,,
ProtoManMaint.MaintTaskGroupDetailsFiler,Not Started,,,,,Not Started,,,,
ProtoManMaint.MethodCodeQuery,Not Started,,,,,Not Started,,,,
ProtoManMaint.ProtocolOrderCodes,Not Started,,,,,Not Started,,,,
ProtoManMaint.ResultConfigData,Not Started,,,,,Not Started,,,,
ProtoManMaint.SpotCode,Not Started,,,,,Not Started,,,,
ProtoManMaint.TraymapBatteriesQuery,Not Started,,,,,Not Started,,,,
ProtoManMaint.TraymapValidationQuery,Not Started,,,,,Not Started,,,,
QCInventory.ControlTestIndexQuery,Not Started,,,,,Not Started,,,,
QCInventory.ExpectedResultData,Not Started,,,,,Not Started,,,,
QCInventory.ExpectedResultHistory,Not Started,,,,,Not Started,,,,
QCInventory.ExpectedResultHistoryFiler,Not Started,,,,,Not Started,,,,
QCInventory.Item,Not Started,,,,,Not Started,,,,
QCInventory.ItemFiler,Not Started,,,,,Not Started,,,,
QCInventory.ItemMethodOrder,Not Started,,,,,Not Started,,,,
QCInventory.ItemMethodOrderFiler,Not Started,,,,,Not Started,,,,
QCInventory.LotShipment,Not Started,,,,,Not Started,,,,
QCInventory.LotShipmentFiler,Not Started,,,,,Not Started,,,,
QCInventory.QCAdhocReport,Not Started,,,,,Not Started,,,,
QCInventory.QCDataPoints,Not Started,,,,,Not Started,,,,
QCInventory.QCDataPointsFiler,Not Started,,,,,Not Started,,,,
QCInventory.QCDefinition,Not Started,,,,,Not Started,,,,
QCInventory.QCMaintenanceReport,Not Started,,,,,Not Started,,,,
QCInventory.QCMapping,Not Started,,,,,Not Started,,,,
QCInventory.QCMappingFiler,Not Started,,,,,Not Started,,,,
QCInventory.ShipmentStatusHistory,Not Started,,,,,Not Started,,,,
QCInventory.ShipmentStatusHistoryFiler,Not Started,,,,,Not Started,,,,
QCInventory.ShipmentUsageHistory,Not Started,,,,,Not Started,,,,
QCInventory.ShipmentUsageHistoryFiler,Not Started,,,,,Not Started,,,,
QCInventory.ShipmentXcheckHistory,Not Started,,,,,Not Started,,,,
QCInventory.ShipmentXcheckHistoryFiler,Not Started,,,,,Not Started,,,,
QCInventory.TempQCResults,Not Started,,,,,Not Started,,,,
SDM.LabOrders,Not Started,,,,,Not Started,,,,
SITE.APBillWkLd,OK,2025-08-01 11:05:41,0,2,\Success\,Not Started,,,,
SITE.APCollectionDateCrossRef,OK,2025-08-01 11:06:11,658017,2,\Success\,Not Started,,,,
SITE.APCollectionView,SKIPPED,2025-08-01 11:06:11,0,3,\No scalar properties to export\,Not Started,,,,
SITE.APDIAGView,SKIPPED,2025-08-01 11:06:11,0,3,\No scalar properties to export\,Not Started,,,,
SITE.APDOCView,SKIPPED,2025-08-01 11:06:11,0,3,\No scalar properties to export\,Not Started,,,,
SITE.APDiag,OK,2025-08-01 11:08:23,997569,2,\Success\,Not Started,,,,
SITE.APDocHistory,OK,2025-08-01 11:08:39,269329,2,\Success\,Not Started,,,,
SITE.APDocSection,OK,2025-08-01 11:08:41,76,2,\Success\,Not Started,,,,
SITE.APDocText,OK,2025-08-01 11:10:41,3902316,2,\Success\,Not Started,,,,
SITE.APGLView,SKIPPED,2025-08-01 11:10:41,0,3,\No scalar properties to export\,Not Started,,,,
SITE.APGenLabView,SKIPPED,2025-08-01 11:10:41,0,3,\No scalar properties to export\,Not Started,,,,
SITE.APMADiag,OK,2025-08-01 11:10:45,33569,2,\Success\,Not Started,,,,
SITE.APMAOrgan,OK,2025-08-01 11:10:47,9911,2,\Success\,Not Started,,,,
SITE.APMAPath,OK,2025-08-01 11:10:47,19,2,\Success\,Not Started,,,,
SITE.APMAQual,OK,2025-08-01 11:10:47,37,2,\Success\,Not Started,,,,
SITE.APORDView,SKIPPED,2025-08-01 11:10:47,0,3,\No scalar properties to export\,Not Started,,,,
SITE.APPatient,OK,2025-08-01 11:10:47,0,2,\Success\,Not Started,,,,
SITE.APQARView,SKIPPED,2025-08-01 11:10:47,0,3,\No scalar properties to export\,Not Started,,,,
SITE.APQAReview,OK,2025-08-01 11:10:47,0,2,\Success\,Not Started,,,,
SITE.APSlideStatistics,OK,2025-08-01 11:11:08,335098,2,\Success\,Not Started,,,,
SITE.APSpecArchResult,OK,2025-08-01 11:14:23,3290427,2,\Success\,Not Started,,,,
SITE.APSpecialArchiv,OK,2025-08-01 11:15:32,2790097,2,\Success\,Not Started,,,,
SITE.APSpecimen,OK,2025-08-01 11:15:54,772573,2,\Success\,Not Started,,,,
SITE.APSpecimenAtom,OK,2025-08-01 11:16:22,772573,2,\Success\,Not Started,,,,
SITE.APSpecimenAtomDesc,OK,2025-08-01 11:16:47,788436,2,\Success\,Not Started,,,,
SITE.ARCComment,SKIPPED,2025-08-01 11:16:47,0,3,\No scalar properties to export\,Not Started,,,,
SITE.ARCETCFT,SKIPPED,2025-08-01 11:16:47,0,3,\No scalar properties to export\,Not Started,,,,
SITE.BBACC,OK,2025-08-01 11:16:48,0,2,\Success\,Not Started,,,,
SITE.BBACCAlloc,OK,2025-08-01 11:16:48,0,2,\Success\,Not Started,,,,
SITE.BBALLOCTEST,OK,2025-08-01 11:16:48,0,2,\Success\,Not Started,,,,
SITE.BBATCD,OK,2025-08-01 11:16:48,3,2,\Success\,Not Started,,,,
SITE.BBATCDfld,OK,2025-08-01 11:16:48,0,2,\Success\,Not Started,,,,
SITE.BBActiveUnits,OK,2025-08-01 11:16:49,649,2,\Success\,Not Started,,,,
SITE.BBAgAb,OK,2025-08-01 11:16:49,0,2,\Success\,Not Started,,,,
SITE.BBAllocCntView,SKIPPED,2025-08-01 11:16:49,0,3,\No scalar properties to export\,Not Started,,,,
SITE.BBAllocStat,OK,2025-08-01 11:16:49,0,2,\Success\,Not Started,,,,
SITE.BBAllocStatus,OK,2025-08-01 11:16:49,0,2,\Success\,Not Started,,,,
SITE.BBAllocView,SKIPPED,2025-08-01 11:16:49,0,3,\No scalar properties to export\,Not Started,,,,
SITE.BBAllocationView,SKIPPED,2025-08-01 11:16:49,0,3,\No scalar properties to export\,Not Started,,,,
SITE.BBBLAD,OK,2025-08-01 11:16:49,10,2,\Success\,Not Started,,,,
SITE.BBBLADVol,OK,2025-08-01 11:16:49,0,2,\Success\,Not Started,,,,
SITE.BBBLXM,OK,2025-08-01 11:16:49,1,2,\Success\,Not Started,,,,
SITE.BBBPAlloc,OK,2025-08-01 11:16:50,15,2,\Success\,Not Started,,,,
SITE.BBBPAllocAN,OK,2025-08-01 11:16:50,16,2,\Success\,Not Started,,,,
SITE.BBBPAllocUnit,OK,2025-08-01 11:16:50,17,2,\Success\,Not Started,,,,
SITE.BBBPAttr,OK,2025-08-01 11:29:02,22033,2,\Success\,Not Started,,,,
SITE.BBBPAttrHst,OK,2025-08-01 11:34:05,0,2,\Success\,Not Started,,,,
SITE.BBBPBat,OK,2025-08-01 11:38:20,290956,2,\Success\,Not Started,,,,
SITE.BBBPCmp,OK,2025-08-01 11:42:23,564028,2,\Success\,Not Started,,,,
SITE.BBBPCmpBat,OK,2025-08-01 11:42:24,0,2,\Success\,Not Started,,,,
SITE.BBBPCmpHst,OK,2025-08-01 11:54:20,4002333,2,\Success\,Not Started,,,,
SITE.BBBPCmpPhas,OK,2025-08-01 11:57:58,0,2,\Success\,Not Started,,,,
SITE.BBBPCmpReact,OK,2025-08-01 12:01:57,374186,2,\Success\,Not Started,,,,
SITE.BBBPCmpRes,OK,2025-08-01 12:10:15,4606794,2,\Success\,Not Started,,,,
SITE.BBBPCmpTst,OK,2025-08-01 12:10:15,0,2,\Success\,Not Started,,,,
SITE.BBBPCmpTxt,OK,2025-08-01 12:13:10,0,2,\Success\,Not Started,,,,
SITE.BBBPCompatView,SKIPPED,2025-08-01 12:13:10,0,3,\No scalar properties to export\,Not Started,,,,
SITE.BBBPDevt,OK,2025-08-01 12:15:54,77022,2,\Success\,Not Started,,,,
SITE.BBBPEvent,OK,2025-08-01 12:18:44,200071,2,\Success\,Not Started,,,,
SITE.BBBPG,OK,2025-08-01 12:18:44,501,2,\Success\,Not Started,,,,
SITE.BBBPInfo,OK,2025-08-01 12:18:44,0,2,\Success\,Not Started,,,,
SITE.BBBPPhaseReact,OK,2025-08-01 12:22:18,560286,2,\Success\,Not Started,,,,
SITE.BBBPPoolCur,OK,2025-08-01 12:25:05,77021,2,\Success\,Not Started,,,,
SITE.BBBPPoolHst,OK,2025-08-01 12:28:03,13,2,\Success\,Not Started,,,,
SITE.BBBPRegHst,OK,2025-08-01 12:30:21,32,2,\Success\,Not Started,,,,
SITE.BBBPResPhase,OK,2025-08-01 12:33:08,113467,2,\Success\,Not Started,,,,
SITE.BBBPResTxt,OK,2025-08-01 12:36:14,0,2,\Success\,Not Started,,,,
SITE.BBBPSourceCur,OK,2025-08-01 12:40:32,476082,2,\Success\,Not Started,,,,
SITE.BBBPSourceHst,OK,2025-08-01 12:42:58,213,2,\Success\,Not Started,,,,
SITE.BBBPSpcCur,OK,2025-08-01 12:47:10,476082,2,\Success\,Not Started,,,,
SITE.BBBPSpcHst,OK,2025-08-01 12:51:47,527442,2,\Success\,Not Started,,,,
SITE.BBBPSpcRev,OK,2025-08-01 12:54:19,2527,2,\Success\,Not Started,,,,
SITE.BBBPSrcRev,OK,2025-08-01 12:56:56,1013,2,\Success\,Not Started,,,,
SITE.BBBPSrcRevST,OK,2025-08-01 13:00:06,0,2,\Success\,Not Started,,,,
SITE.BBBPSta,OK,2025-08-01 13:00:07,0,2,\Success\,Not Started,,,,
SITE.BBBPStaAlloc,OK,2025-08-01 13:02:38,16,2,\Success\,Not Started,,,,
SITE.BBBPStaHst,OK,2025-08-01 13:08:58,1337013,2,\Success\,Not Started,,,,
SITE.BBBPStaHstAlloc,OK,2025-08-01 13:12:54,413121,2,\Success\,Not Started,,,,
SITE.BBBPStaRev,OK,2025-08-01 13:16:06,1141,2,\Success\,Not Started,,,,
SITE.BBBPStaRevAlloc,OK,2025-08-01 13:18:52,113,2,\Success\,Not Started,,,,
SITE.BBBPSunEvt,OK,2025-08-01 13:22:09,77022,2,\Success\,Not Started,,,,
SITE.BBBPTst,OK,2025-08-01 13:25:06,298014,2,\Success\,Not Started,,,,
SITE.BBBPTstHst,OK,2025-08-01 13:28:36,295487,2,\Success\,Not Started,,,,
SITE.BBBPTstObs,OK,2025-08-01 13:31:31,520417,2,\Success\,Not Started,,,,
SITE.BBBPTstRes,OK,2025-08-01 13:34:23,638430,2,\Success\,Not Started,,,,
SITE.BBBPTyp,OK,2025-08-01 13:38:03,472500,2,\Success\,Not Started,,,,
SITE.BBBPTypAGAB,OK,2025-08-01 13:40:39,91491,2,\Success\,Not Started,,,,
SITE.BBBPTypHstAG,OK,2025-08-01 13:42:51,0,2,\Success\,Not Started,,,,
SITE.BBBPTypRev,OK,2025-08-01 13:45:53,49398,2,\Success\,Not Started,,,,
SITE.BBBPTypRevAGAB,OK,2025-08-01 13:48:36,13443,2,\Success\,Not Started,,,,
SITE.BBBPTypRevHNAGAB,OK,2025-08-01 13:48:37,0,2,\Success\,Not Started,,,,
SITE.BBBPUnReg,OK,2025-08-01 13:51:01,27,2,\Success\,Not Started,,,,
SITE.BBBPUnRegHst,OK,2025-08-01 13:53:40,0,2,\Success\,Not Started,,,,
SITE.BBBPUserDef,OK,2025-08-01 13:55:09,0,2,\Success\,Not Started,,,,
SITE.BBBSGen,OK,2025-08-01 13:55:09,107,2,\Success\,Not Started,,,,
SITE.BBBSGroup,OK,2025-08-01 13:55:09,4,2,\Success\,Not Started,,,,
SITE.BBBSGroupMem,OK,2025-08-01 13:55:09,107,2,\Success\,Not Started,,,,
SITE.BBBpCmpObs,OK,2025-08-01 14:01:16,4584233,2,\Success\,Not Started,,,,
SITE.BBBpReg,OK,2025-08-01 14:04:24,12308,2,\Success\,Not Started,,,,
SITE.BBCOMPView,SKIPPED,2025-08-01 14:04:24,0,3,\No scalar properties to export\,Not Started,,,,
SITE.BBCollMonth,OK,2025-08-01 14:04:24,0,2,\Success\,Not Started,,,,
SITE.BBISF,OK,2025-08-01 14:04:24,24,2,\Success\,Not Started,,,,
SITE.BBISFABO,OK,2025-08-01 14:04:24,0,2,\Success\,Not Started,,,,
SITE.BBISFAGAB,OK,2025-08-01 14:04:24,0,2,\Success\,Not Started,,,,
SITE.BBISFCT,OK,2025-08-01 14:04:25,140,2,\Success\,Not Started,,,,
SITE.BBISFCont,OK,2025-08-01 14:04:25,0,2,\Success\,Not Started,,,,
SITE.BBIssuedUnits,OK,2025-08-01 14:04:37,359886,2,\Success\,Not Started,,,,
SITE.BBLog,OK,2025-08-01 14:04:37,0,2,\Success\,Not Started,,,,
SITE.BBLogError,OK,2025-08-01 14:04:37,0,2,\Success\,Not Started,,,,
SITE.BBLogUnit,OK,2025-08-01 14:04:37,0,2,\Success\,Not Started,,,,
SITE.BBMACTG,OK,2025-08-01 14:04:37,13,2,\Success\,Not Started,,,,
SITE.BBMACTGCT,OK,2025-08-01 14:04:37,316,2,\Success\,Not Started,,,,
SITE.BBMACompTy,OK,2025-08-01 14:04:38,316,2,\Success\,Not Started,,,,
SITE.BBMALblBPE,OK,2025-08-01 14:04:38,0,2,\Success\,Not Started,,,,
SITE.BBMALblCP,OK,2025-08-01 14:04:38,0,2,\Success\,Not Started,,,,
SITE.BBMAProductCode,OK,2025-08-01 14:04:39,8319,2,\Success\,Not Started,,,,
SITE.BBMerge,OK,2025-08-01 14:05:13,432,2,\Success\,Not Started,,,,
SITE.BBPatient,OK,2025-08-01 14:05:13,0,2,\Success\,Not Started,,,,
SITE.BBProductUtilizationView,SKIPPED,2025-08-01 14:05:13,0,3,\No scalar properties to export\,Not Started,,,,
SITE.BBPtUnit,OK,2025-08-01 14:06:07,564028,2,\Success\,Not Started,,,,
SITE.BBPtUnitView,SKIPPED,2025-08-01 14:06:07,0,3,\No scalar properties to export\,Not Started,,,,
SITE.BBPurge,OK,2025-08-01 14:06:25,359859,2,\Success\,Not Started,,,,
SITE.BBPurgeCmt,OK,2025-08-01 14:06:26,0,2,\Success\,Not Started,,,,
SITE.BBRR,OK,2025-08-01 14:08:13,925087,2,\Success\,Not Started,,,,
SITE.BBRRPHS,OK,2025-08-01 14:08:48,937533,2,\Success\,Not Started,,,,
SITE.BBRRPHSRS,OK,2025-08-01 14:10:42,3578702,2,\Success\,Not Started,,,,
SITE.BBSlashUnit,OK,2025-08-01 14:10:43,16583,2,\Success\,Not Started,,,,
SITE.BBStatusView,SKIPPED,2025-08-01 14:10:43,0,3,\No scalar properties to export\,Not Started,,,,
SITE.BBTransHist,OK,2025-08-01 14:11:59,1102623,2,\Success\,Not Started,,,,
SITE.BBTransfusedView,SKIPPED,2025-08-01 14:11:59,0,3,\No scalar properties to export\,Not Started,,,,
SITE.BBUNACC,OK,2025-08-01 14:11:59,0,2,\Success\,Not Started,,,,
SITE.BBUNACCRS,OK,2025-08-01 14:11:59,0,2,\Success\,Not Started,,,,
SITE.BBUnitDemo,OK,2025-08-01 14:12:03,49431,2,\Success\,Not Started,,,,
SITE.BBUnitDest,OK,2025-08-01 14:12:23,36951,2,\Success\,Not Started,,,,
SITE.BBUnitHist,OK,2025-08-01 14:12:44,326651,2,\Success\,Not Started,,,,
SITE.BBUnitIndex,OK,2025-08-01 14:13:10,476074,2,\Success\,Not Started,,,,
SITE.BBUnitLoad,OK,2025-08-01 14:13:21,141423,2,\Success\,Not Started,,,,
SITE.BBUnitSupplierData,OK,2025-08-01 14:13:25,130016,2,\Success\,Not Started,,,,
SITE.BBUnitTech,OK,2025-08-01 14:13:36,327784,2,\Success\,Not Started,,,,
SITE.BBUnitTechData,OK,2025-08-01 14:13:41,141511,2,\Success\,Not Started,,,,
SITE.BBUnits,OK,2025-08-01 14:13:54,459762,2,\Success\,Not Started,,,,
SITE.BBXMCnt,OK,2025-08-01 14:13:54,0,2,\Success\,Not Started,,,,
SITE.BLComponentTypeAdminFees,SKIPPED,2025-08-01 14:13:54,0,3,\No scalar properties to export\,Not Started,,,,
SITE.BLComponentTypeProcessing,SKIPPED,2025-08-01 14:13:54,0,3,\No scalar properties to export\,Not Started,,,,
SITE.BLComponentTypeVolumeFees,SKIPPED,2025-08-01 14:13:54,0,3,\No scalar properties to export\,Not Started,,,,
SITE.BLCrossmatchUnitFees,SKIPPED,2025-08-01 14:13:54,0,3,\No scalar properties to export\,Not Started,,,,
SITE.BLMicroMethodFees,SKIPPED,2025-08-01 14:13:54,0,3,\No scalar properties to export\,Not Started,,,,
SITE.BLOrderCodeFees,SKIPPED,2025-08-01 14:13:54,0,3,\No scalar properties to export\,Not Started,,,,
SITE.BLPhlebWkldFees,SKIPPED,2025-08-01 14:13:54,0,3,\No scalar properties to export\,Not Started,,,,
SITE.BLT28Patient,OK,2025-08-01 14:14:13,0,2,\Success\,Not Started,,,,
SITE.BLT61PDef,OK,2025-08-01 14:14:13,0,2,\Success\,Not Started,,,,
SITE.BLT61Proc,OK,2025-08-01 14:14:13,0,2,\Success\,Not Started,,,,
SITE.BLT62DonUpd,OK,2025-08-01 14:14:14,0,2,\Success\,Not Started,,,,
SITE.BLT7Observation,OK,2025-08-01 14:14:14,0,2,\Success\,Not Started,,,,
SITE.BLT7Order,OK,2025-08-01 14:14:15,0,2,\Success\,Not Started,,,,
SITE.BLT7Result,OK,2025-08-01 14:14:15,0,2,\Success\,Not Started,,,,
SITE.BLT7ResultText,OK,2025-08-01 14:14:15,0,2,\Success\,Not Started,,,,
SITE.BLT7Test,OK,2025-08-01 14:14:16,0,2,\Success\,Not Started,,,,
SITE.BLT7TestReflex,OK,2025-08-01 14:14:16,0,2,\Success\,Not Started,,,,
SITE.CBContact,OK,2025-08-01 14:14:19,3941,2,\Success\,Not Started,,,,
SITE.CBContactView,SKIPPED,2025-08-01 14:14:19,0,3,\No scalar properties to export\,Not Started,,,,
SITE.CBOrder,OK,2025-08-01 14:14:19,1109,2,\Success\,Not Started,,,,
SITE.CBPHPhone,OK,2025-08-01 14:14:20,2,2,\Success\,Not Started,,,,
SITE.CBPHResult,OK,2025-08-01 14:14:22,0,2,\Success\,Not Started,,,,
SITE.CBPLABCodes,OK,2025-08-01 14:14:22,1248,2,\Success\,Not Started,,,,
SITE.CBPhoneResultView,SKIPPED,2025-08-01 14:14:22,0,3,\No scalar properties to export\,Not Started,,,,
SITE.CBResultView,SKIPPED,2025-08-01 14:14:22,0,3,\No scalar properties to export\,Not Started,,,,
SITE.CBTIQCodes,OK,2025-08-01 14:14:22,0,2,\Success\,Not Started,,,,
SITE.CBTest,OK,2025-08-01 14:14:22,0,2,\Success\,Not Started,,,,
SITE.CDBCMNTView,SKIPPED,2025-08-01 14:14:22,0,3,\No scalar properties to export\,Not Started,,,,
SITE.CDBClient,OK,2025-08-01 14:14:22,0,2,\Success\,Not Started,,,,
SITE.CDBClientCallbackCmnt,OK,2025-08-01 14:14:22,0,2,\Success\,Not Started,,,,
SITE.CDBClientCmnt,OK,2025-08-01 14:14:26,0,2,\Success\,Not Started,,,,
SITE.CDBClientDestination,OK,2025-08-01 14:14:26,0,2,\Success\,Not Started,,,,
SITE.CDBClientHosp,OK,2025-08-01 14:14:26,0,2,\Success\,Not Started,,,,
SITE.CDBClientMktrep,OK,2025-08-01 14:14:26,0,2,\Success\,Not Started,,,,
SITE.CDBClientMktrepView,SKIPPED,2025-08-01 14:14:26,0,3,\No scalar properties to export\,Not Started,,,,
SITE.CDBClientPhone,OK,2025-08-01 14:14:26,0,2,\Success\,Not Started,,,,
SITE.CDBClientPhysician,OK,2025-08-01 14:14:26,0,2,\Success\,Not Started,,,,
SITE.CDBClientServices,OK,2025-08-01 14:14:26,0,2,\Success\,Not Started,,,,
SITE.CDBClientSpecialty,OK,2025-08-01 14:14:26,0,2,\Success\,Not Started,,,,
SITE.CDBClientTerritory,OK,2025-08-01 14:14:26,0,2,\Success\,Not Started,,,,
SITE.CDBClientTerritoryView,SKIPPED,2025-08-01 14:14:26,0,3,\No scalar properties to export\,Not Started,,,,
SITE.CDBHospView,SKIPPED,2025-08-01 14:14:26,0,3,\No scalar properties to export\,Not Started,,,,
SITE.CDBMaintMktrep,OK,2025-08-01 14:14:26,0,2,\Success\,Not Started,,,,
SITE.CDBMaintMktrepTerritoryC0,SKIPPED,2025-08-01 14:14:26,0,3,\No scalar properties to export\,Not Started,,,,
SITE.CDBMaintMktrepTerritoryCl,OK,2025-08-01 14:14:26,0,2,\Success\,Not Started,,,,
SITE.CDBMaintMktrepView,SKIPPED,2025-08-01 14:14:26,0,3,\No scalar properties to export\,Not Started,,,,
SITE.CDBMaintService,OK,2025-08-01 14:14:27,0,2,\Success\,Not Started,,,,
SITE.CDBMaintSpecialty,OK,2025-08-01 14:14:27,0,2,\Success\,Not Started,,,,
SITE.CDBMaintTerritory,OK,2025-08-01 14:14:27,0,2,\Success\,Not Started,,,,
SITE.CDBMaintTerritoryClient,OK,2025-08-01 14:14:27,0,2,\Success\,Not Started,,,,
SITE.CDBMaintTerritoryClientVi,SKIPPED,2025-08-01 14:14:27,0,3,\No scalar properties to export\,Not Started,,,,
SITE.CDBMaintTerritoryMktrep,OK,2025-08-01 14:14:27,0,2,\Success\,Not Started,,,,
SITE.CDBMaintTerritoryMktrepVi,SKIPPED,2025-08-01 14:14:27,0,3,\No scalar properties to export\,Not Started,,,,
SITE.CDBMaintTerritoryView,SKIPPED,2025-08-01 14:14:27,0,3,\No scalar properties to export\,Not Started,,,,
SITE.CDBPhoneView,SKIPPED,2025-08-01 14:14:27,0,3,\No scalar properties to export\,Not Started,,,,
SITE.CDBPhysicianView,SKIPPED,2025-08-01 14:14:27,0,3,\No scalar properties to export\,Not Started,,,,
SITE.CDBRTEDestView,SKIPPED,2025-08-01 14:14:27,0,3,\No scalar properties to export\,Not Started,,,,
SITE.CDBServiceView,SKIPPED,2025-08-01 14:14:27,0,3,\No scalar properties to export\,Not Started,,,,
SITE.CDBServicesView,SKIPPED,2025-08-01 14:14:27,0,3,\No scalar properties to export\,Not Started,,,,
SITE.CDBSpecialtyView,SKIPPED,2025-08-01 14:14:27,0,3,\No scalar properties to export\,Not Started,,,,
SITE.CrossReference,OK,2025-08-01 14:49:14,17545206,2,\Success\,Not Started,,,,
SITE.CrossReferenceView,SKIPPED,2025-08-01 14:49:14,0,3,\No scalar properties to export\,Not Started,,,,
SITE.DONAGConflict,OK,2025-08-01 14:49:14,0,2,\Success\,Not Started,,,,
SITE.DONBTC,OK,2025-08-01 14:49:15,180,2,\Success\,Not Started,,,,
SITE.DONCROSSREF,OK,2025-08-01 14:49:15,0,2,\Success\,Not Started,,,,
SITE.DONCT,OK,2025-08-01 14:49:15,5,2,\Success\,Not Started,,,,
SITE.DONDup,OK,2025-08-01 14:49:15,0,2,\Success\,Not Started,,,,
SITE.DONGeneralData,OK,2025-08-01 14:49:15,0,2,\Success\,Not Started,,,,
SITE.DONMiscE,OK,2025-08-01 14:49:15,0,2,\Success\,Not Started,,,,
SITE.DONMiscP,OK,2025-08-01 14:49:15,0,2,\Success\,Not Started,,,,
SITE.DONNoDup,OK,2025-08-01 14:49:15,0,2,\Success\,Not Started,,,,
SITE.DONNoPDef,OK,2025-08-01 14:49:15,0,2,\Success\,Not Started,,,,
SITE.DONORView,SKIPPED,2025-08-01 14:49:15,0,3,\No scalar properties to export\,Not Started,,,,
SITE.DONPDef,OK,2025-08-01 14:49:15,0,2,\Success\,Not Started,,,,
SITE.DONPtAGB,OK,2025-08-01 14:49:15,16,2,\Success\,Not Started,,,,
SITE.DONPtUnAGAB,OK,2025-08-01 14:49:15,17,2,\Success\,Not Started,,,,
SITE.DONTemp,OK,2025-08-01 14:49:16,0,2,\Success\,Not Started,,,,
SITE.DONTotalUnits,OK,2025-08-01 14:49:16,0,2,\Success\,Not Started,,,,
SITE.DONUNCrossRef,OK,2025-08-01 14:49:16,0,2,\Success\,Not Started,,,,
SITE.DONUnacDef,OK,2025-08-01 14:49:16,0,2,\Success\,Not Started,,,,
SITE.DoctorReport,OK,2025-08-01 14:49:16,0,2,\Success\,Not Started,,,,
SITE.DoctorReportView,SKIPPED,2025-08-01 14:49:16,0,3,\No scalar properties to export\,Not Started,,,,
SITE.DonMisc,OK,2025-08-01 14:49:16,0,2,\Success\,Not Started,,,,
SITE.DonorProcedure,OK,2025-08-01 14:49:16,0,2,\Success\,Not Started,,,,
SITE.FeeSchedule,SKIPPED,2025-08-01 14:49:16,0,3,\No scalar properties to export\,Not Started,,,,
SITE.GLACCView,SKIPPED,2025-08-01 14:49:16,0,3,\No scalar properties to export\,Not Started,,,,
SITE.GLARKAdmit,Not Started,,,,,Not Started,,,,
SITE.GLARKCollect,Not Started,,,,,Not Started,,,,
SITE.GLARKHosp,Not Started,,,,,Not Started,,,,
SITE.GLARKIDXCOLL,Not Started,,,,,Not Started,,,,
SITE.GLARKIDXCOLLView,Not Started,,,,,Not Started,,,,
SITE.GLARKObs,Not Started,,,,,Not Started,,,,
SITE.GLARKOrder,Not Started,,,,,Not Started,,,,
SITE.GLARKPatient,Not Started,,,,,Not Started,,,,
SITE.GLARKResHist,Not Started,,,,,Not Started,,,,
SITE.GLARKResult,Not Started,,,,,Not Started,,,,
SITE.GLARKResultsView,Not Started,,,,,Not Started,,,,
SITE.GLARKSpecimen,Not Started,,,,,Not Started,,,,
SITE.GLARKTest,Not Started,,,,,Not Started,,,,
SITE.GLARKVisit,Not Started,,,,,Not Started,,,,
SITE.GLAccession,Not Started,,,,,Not Started,,,,
SITE.GLAccessionCntrlData,Not Started,,,,,Not Started,,,,
SITE.GLAccessionHistView,Not Started,,,,,Not Started,,,,
SITE.GLAccessionHistory,Not Started,,,,,Not Started,,,,
SITE.GLAccessionSpecData,Not Started,,,,,Not Started,,,,
SITE.GLAccessionView,Not Started,,,,,Not Started,,,,
SITE.GLAdmit,Not Started,,,,,Not Started,,,,
SITE.GLClient,Not Started,,,,,Not Started,,,,
SITE.GLClientInterest,Not Started,,,,,Not Started,,,,
SITE.GLClientView,Not Started,,,,,Not Started,,,,
SITE.GLClinValQueue,Not Started,,,,,Not Started,,,,
SITE.GLClinValQueueHistory,Not Started,,,,,Not Started,,,,
SITE.GLCollect,Not Started,,,,,Not Started,,,,
SITE.GLCollectedOrdersChild,Not Started,,,,,Not Started,,,,
SITE.GLCollectedOrdersParent,Not Started,,,,,Not Started,,,,
SITE.GLComment,Not Started,,,,,Not Started,,,,
SITE.GLCommentData,Not Started,,,,,Not Started,,,,
SITE.GLCommentPTR,Not Started,,,,,Not Started,,,,
SITE.GLCommentText,Not Started,,,,,Not Started,,,,
SITE.GLHosp,Not Started,,,,,Not Started,,,,
SITE.GLORDView,Not Started,,,,,Not Started,,,,
SITE.GLORDX,Not Started,,,,,Not Started,,,,
SITE.GLORDXMJ,Not Started,,,,,Not Started,,,,
SITE.GLORDXMJView,Not Started,,,,,Not Started,,,,
SITE.GLObs,Not Started,,,,,Not Started,,,,
SITE.GLOrder,Not Started,,,,,Not Started,,,,
SITE.GLPATView,Not Started,,,,,Not Started,,,,
SITE.GLPatient,Not Started,,,,,Not Started,,,,
SITE.GLPatientView,Not Started,,,,,Not Started,,,,
SITE.GLRESULTVIEW,Not Started,,,,,Not Started,,,,
SITE.GLRESView,Not Started,,,,,Not Started,,,,
SITE.GLReqNum,Not Started,,,,,Not Started,,,,
SITE.GLResHist,Not Started,,,,,Not Started,,,,
SITE.GLResult,Not Started,,,,,Not Started,,,,
SITE.GLResultText,Not Started,,,,,Not Started,,,,
SITE.GLSpecimen,Not Started,,,,,Not Started,,,,
SITE.GLTest,Not Started,,,,,Not Started,,,,
SITE.GLTestContainer,Not Started,,,,,Not Started,,,,
SITE.GLTstCont,Not Started,,,,,Not Started,,,,
SITE.GLUtilization,Not Started,,,,,Not Started,,,,
SITE.GLVisit,Not Started,,,,,Not Started,,,,
SITE.IDXBT,Not Started,,,,,Not Started,,,,
SITE.IDXBTView,Not Started,,,,,Not Started,,,,
SITE.IDXCHILD,Not Started,,,,,Not Started,,,,
SITE.IDXCrossRef,Not Started,,,,,Not Started,,,,
SITE.IDXGLView,Not Started,,,,,Not Started,,,,
SITE.IDXPARENT,Not Started,,,,,Not Started,,,,
SITE.IDXVIEW,Not Started,,,,,Not Started,,,,
SITE.LTN25,Not Started,,,,,Not Started,,,,
SITE.LTN25BPFUnitsView,Not Started,,,,,Not Started,,,,
SITE.LTN28Patient,Not Started,,,,,Not Started,,,,
SITE.LTN5AN,Not Started,,,,,Not Started,,,,
SITE.LTN5ANBat,Not Started,,,,,Not Started,,,,
SITE.LTN5ANClientInt,Not Started,,,,,Not Started,,,,
SITE.LTN5ANIntVector,Not Started,,,,,Not Started,,,,
SITE.LTN5ANOCDetail,Not Started,,,,,Not Started,,,,
SITE.LTN5ANPYDetail,Not Started,,,,,Not Started,,,,
SITE.LTN5ANTest,Not Started,,,,,Not Started,,,,
SITE.LTN5AccBattView,Not Started,,,,,Not Started,,,,
SITE.LTN5AccessionView,Not Started,,,,,Not Started,,,,
SITE.LTN5BatteryView,Not Started,,,,,Not Started,,,,
SITE.LTN5GLView,Not Started,,,,,Not Started,,,,
SITE.LTN5Order,Not Started,,,,,Not Started,,,,
SITE.LTN61PDef,Not Started,,,,,Not Started,,,,
SITE.LTN61Proc,Not Started,,,,,Not Started,,,,
SITE.LTN62DonUpd,Not Started,,,,,Not Started,,,,
SITE.LTN7GLVIEW,Not Started,,,,,Not Started,,,,
SITE.LTN7GLabView,Not Started,,,,,Not Started,,,,
SITE.LTN7Observation,Not Started,,,,,Not Started,,,,
SITE.LTN7Order,Not Started,,,,,Not Started,,,,
SITE.LTN7OrderComment,Not Started,,,,,Not Started,,,,
SITE.LTN7Result,Not Started,,,,,Not Started,,,,
SITE.LTN7ResultText,Not Started,,,,,Not Started,,,,
SITE.LTN7ResultView,Not Started,,,,,Not Started,,,,
SITE.LTN7Test,Not Started,,,,,Not Started,,,,
SITE.LTN7TestReflex,Not Started,,,,,Not Started,,,,
SITE.LTN8AN,Not Started,,,,,Not Started,,,,
SITE.LTN8BTView,Not Started,,,,,Not Started,,,,
SITE.LTN8Bat,Not Started,,,,,Not Started,,,,
SITE.LTN8GLView,Not Started,,,,,Not Started,,,,
SITE.LTN8GLabView,Not Started,,,,,Not Started,,,,
SITE.LTN8View,Not Started,,,,,Not Started,,,,
SITE.MABLCTAdmin,Not Started,,,,,Not Started,,,,
SITE.MABLCTProc,Not Started,,,,,Not Started,,,,
SITE.MABLCTVol,Not Started,,,,,Not Started,,,,
SITE.MABLCrossMatchUn,Not Started,,,,,Not Started,,,,
SITE.MABLFeeSchedules,Not Started,,,,,Not Started,,,,
SITE.MABLMicroMethod,Not Started,,,,,Not Started,,,,
SITE.MABLOptionTypes,Not Started,,,,,Not Started,,,,
SITE.MABLOrderCodeFees,Not Started,,,,,Not Started,,,,
SITE.MABLPhlebWkld,Not Started,,,,,Not Started,,,,
SITE.MABLSB,Not Started,,,,,Not Started,,,,
SITE.MABLSpecBillFields,Not Started,,,,,Not Started,,,,
SITE.MABLSpecialBillGrps,Not Started,,,,,Not Started,,,,
SITE.MABTCAP,Not Started,,,,,Not Started,,,,
SITE.MABTCumHdr,Not Started,,,,,Not Started,,,,
SITE.MABTHP,Not Started,,,,,Not Started,,,,
SITE.MABTLC,Not Started,,,,,Not Started,,,,
SITE.MABTLR,Not Started,,,,,Not Started,,,,
SITE.MABTRes,Not Started,,,,,Not Started,,,,
SITE.MABTTST,Not Started,,,,,Not Started,,,,
SITE.MABTText,Not Started,,,,,Not Started,,,,
SITE.MABatTst,Not Started,,,,,Not Started,,,,
SITE.MABattery,Not Started,,,,,Not Started,,,,
SITE.MABlSpecialBillOptions,Not Started,,,,,Not Started,,,,
SITE.MACUM,Not Started,,,,,Not Started,,,,
SITE.MAClientRptsDflt,Not Started,,,,,Not Started,,,,
SITE.MAClientRptsDfltView,Not Started,,,,,Not Started,,,,
SITE.MAColWorksheetData,Not Started,,,,,Not Started,,,,
SITE.MACumDescCol,Not Started,,,,,Not Started,,,,
SITE.MACumDescTest,Not Started,,,,,Not Started,,,,
SITE.MACumDescript,Not Started,,,,,Not Started,,,,
SITE.MACumGenHdr,Not Started,,,,,Not Started,,,,
SITE.MACumPrintColumn,Not Started,,,,,Not Started,,,,
SITE.MACumPrintOrder,Not Started,,,,,Not Started,,,,
SITE.MACumView,Not Started,,,,,Not Started,,,,
SITE.MACupWorksheetAssign,Not Started,,,,,Not Started,,,,
SITE.MADiagCode,Not Started,,,,,Not Started,,,,
SITE.MAENGLISHTEXT,Not Started,,,,,Not Started,,,,
SITE.MAEngTextMoView,Not Started,,,,,Not Started,,,,
SITE.MAGenWorksheetData,Not Started,,,,,Not Started,,,,
SITE.MAGroupPhysicians,Not Started,,,,,Not Started,,,,
SITE.MAGrpLocLst,Not Started,,,,,Not Started,,,,
SITE.MAGrpLocsView,Not Started,,,,,Not Started,,,,
SITE.MAHOSPCD,Not Started,,,,,Not Started,,,,
SITE.MAHOSPNUM,Not Started,,,,,Not Started,,,,
SITE.MAIDXSpotCode,Not Started,,,,,Not Started,,,,
SITE.MALabDept,Not Started,,,,,Not Started,,,,
SITE.MALabLoc,Not Started,,,,,Not Started,,,,
SITE.MALocGroup,Not Started,,,,,Not Started,,,,
SITE.MALocationView,Not Started,,,,,Not Started,,,,
SITE.MAOrdCode,Not Started,,,,,Not Started,,,,
SITE.MAOrdFacility,Not Started,,,,,Not Started,,,,
SITE.MAOrdTests,Not Started,,,,,Not Started,,,,
SITE.MAOrdTestsType,Not Started,,,,,Not Started,,,,
SITE.MAOrdText,Not Started,,,,,Not Started,,,,
SITE.MAOrdView,Not Started,,,,,Not Started,,,,
SITE.MAPATLC,Not Started,,,,,Not Started,,,,
SITE.MAPLabFormatInfoView,Not Started,,,,,Not Started,,,,
SITE.MAPackage,Not Started,,,,,Not Started,,,,
SITE.MAPackageView,Not Started,,,,,Not Started,,,,
SITE.MAPerformingLab,Not Started,,,,,Not Started,,,,
SITE.MAPerformingLabView,Not Started,,,,,Not Started,,,,
SITE.MAPhysAddInfo,Not Started,,,,,Not Started,,,,
SITE.MAPhysCode,Not Started,,,,,Not Started,,,,
SITE.MAPhysCodeToClientIDView,Not Started,,,,,Not Started,,,,
SITE.MAPhysCodeView,Not Started,,,,,Not Started,,,,
SITE.MAPhysGroup,Not Started,,,,,Not Started,,,,
SITE.MAPhysGroupView,Not Started,,,,,Not Started,,,,
SITE.MAPkgBtTst,Not Started,,,,,Not Started,,,,
SITE.MAPlabAddr,Not Started,,,,,Not Started,,,,
SITE.MAPlabFormatInfo,Not Started,,,,,Not Started,,,,
SITE.MAPlabLocations,Not Started,,,,,Not Started,,,,
SITE.MAPlabPatLoc,Not Started,,,,,Not Started,,,,
SITE.MAPlabPatLocView,Not Started,,,,,Not Started,,,,
SITE.MAPlabPhone,Not Started,,,,,Not Started,,,,
SITE.MAPlabXRef,Not Started,,,,,Not Started,,,,
SITE.MAPlabXRefView,Not Started,,,,,Not Started,,,,
SITE.MAPtLoc,Not Started,,,,,Not Started,,,,
SITE.MAPtLocView,Not Started,,,,,Not Started,,,,
SITE.MAQAMeth,Not Started,,,,,Not Started,,,,
SITE.MAQAMethRngVIEW,Not Started,,,,,Not Started,,,,
SITE.MAQARangeSpecies,Not Started,,,,,Not Started,,,,
SITE.MAQC,Not Started,,,,,Not Started,,,,
SITE.MARACKIDCONT,Not Started,,,,,Not Started,,,,
SITE.MARackID,Not Started,,,,,Not Started,,,,
SITE.MARefLab,Not Started,,,,,Not Started,,,,
SITE.MASMRGenMaint,Not Started,,,,,Not Started,,,,
SITE.MASMRHoliday,Not Started,,,,,Not Started,,,,
SITE.MASMRNumberMaint,Not Started,,,,,Not Started,,,,
SITE.MASMROCTRNS,Not Started,,,,,Not Started,,,,
SITE.MASMROrderCodePurge,Not Started,,,,,Not Started,,,,
SITE.MASMRSPOTORDS,Not Started,,,,,Not Started,,,,
SITE.MASMRSpecType,Not Started,,,,,Not Started,,,,
SITE.MASTARTSPOTRULE,Not Started,,,,,Not Started,,,,
SITE.MASTARTSPOTSORT,Not Started,,,,,Not Started,,,,
SITE.MASpotID,Not Started,,,,,Not Started,,,,
SITE.MASpotIDChildSpotIDView,Not Started,,,,,Not Started,,,,
SITE.MASpotIDChildSpotIDXRef,Not Started,,,,,Not Started,,,,
SITE.MASpotIDContainerList,Not Started,,,,,Not Started,,,,
SITE.MASpotIDContainerListView,Not Started,,,,,Not Started,,,,
SITE.MASpotIDDecantHandlingVie,Not Started,,,,,Not Started,,,,
SITE.MASpotIDDecantInstruct,Not Started,,,,,Not Started,,,,
SITE.MASpotIDMoveToSpot,Not Started,,,,,Not Started,,,,
SITE.MASpotIDMoveToSpotView,Not Started,,,,,Not Started,,,,
SITE.MASpotIDOfflineSched,Not Started,,,,,Not Started,,,,
SITE.MASpotIDOfflineSchedView,Not Started,,,,,Not Started,,,,
SITE.MASpotIDPrePostHandling,Not Started,,,,,Not Started,,,,
SITE.MASpotIDPrePostHandlingVi,Not Started,,,,,Not Started,,,,
SITE.MASpotIDPriceView,Not Started,,,,,Not Started,,,,
SITE.MASpotIDPriority,Not Started,,,,,Not Started,,,,
SITE.MASpotIDPriorityView,Not Started,,,,,Not Started,,,,
SITE.MASynBTTstXref,Not Started,,,,,Not Started,,,,
SITE.MASynBatTst,Not Started,,,,,Not Started,,,,
SITE.MASyndrome,Not Started,,,,,Not Started,,,,
SITE.MATEST,Not Started,,,,,Not Started,,,,
SITE.MATSTPTLOC,Not Started,,,,,Not Started,,,,
SITE.MATSTWksheetPointer,Not Started,,,,,Not Started,,,,
SITE.MATechCode,Not Started,,,,,Not Started,,,,
SITE.MATestSS,Not Started,,,,,Not Started,,,,
SITE.MATextCode,Not Started,,,,,Not Started,,,,
SITE.MATubeType,Not Started,,,,,Not Started,,,,
SITE.MAWkldMeth,Not Started,,,,,Not Started,,,,
SITE.MAWorksheetView,Not Started,,,,,Not Started,,,,
SITE.MCBIOTYPEView,Not Started,,,,,Not Started,,,,
SITE.MCDrug,Not Started,,,,,Not Started,,,,
SITE.MCDrugText,Not Started,,,,,Not Started,,,,
SITE.MCORGView,Not Started,,,,,Not Started,,,,
SITE.MCOrder,Not Started,,,,,Not Started,,,,
SITE.MCOrderView,Not Started,,,,,Not Started,,,,
SITE.MCOrgBiotype,Not Started,,,,,Not Started,,,,
SITE.MCOrganism,Not Started,,,,,Not Started,,,,
SITE.MCPtSusc,Not Started,,,,,Not Started,,,,
SITE.MCPtSuscIntMedDrugs,Not Started,,,,,Not Started,,,,
SITE.MCPtSuscResDrugs,Not Started,,,,,Not Started,,,,
SITE.MCPtSuscSensDrugs,Not Started,,,,,Not Started,,,,
SITE.MCPtSuscView,Not Started,,,,,Not Started,,,,
SITE.MCRESView,Not Started,,,,,Not Started,,,,
SITE.MCResAllCtxt,Not Started,,,,,Not Started,,,,
SITE.MCResAllCtxtView,Not Started,,,,,Not Started,,,,
SITE.MCResBatAcc,Not Started,,,,,Not Started,,,,
SITE.MCResBatAccView,Not Started,,,,,Not Started,,,,
SITE.MCResBio,Not Started,,,,,Not Started,,,,
SITE.MCResBioView,Not Started,,,,,Not Started,,,,
SITE.MCResDeCtxt,Not Started,,,,,Not Started,,,,
SITE.MCResDrugCtxt,Not Started,,,,,Not Started,,,,
SITE.MCResHoldBio,Not Started,,,,,Not Started,,,,
SITE.MCResHoldBioView,Not Started,,,,,Not Started,,,,
SITE.MCResHoldSusc,Not Started,,,,,Not Started,,,,
SITE.MCResHoldSuscView,Not Started,,,,,Not Started,,,,
SITE.MCResOrgCtxt,Not Started,,,,,Not Started,,,,
SITE.MCResSngFind,Not Started,,,,,Not Started,,,,
SITE.MCResSusc,Not Started,,,,,Not Started,,,,
SITE.MCResSuscView,Not Started,,,,,Not Started,,,,
SITE.MCSensiBatDict,Not Started,,,,,Not Started,,,,
SITE.MCSensiExtRteInt,Not Started,,,,,Not Started,,,,
SITE.MCSensiExtend,Not Started,,,,,Not Started,,,,
SITE.MCSensiExtendIntrp,Not Started,,,,,Not Started,,,,
SITE.MCSensiExtendRoute,Not Started,,,,,Not Started,,,,
SITE.MCSensiFluidCode,Not Started,,,,,Not Started,,,,
SITE.MCSensiInterDict,Not Started,,,,,Not Started,,,,
SITE.MCSensiIntrp,Not Started,,,,,Not Started,,,,
SITE.MCSensiSpecBF,Not Started,,,,,Not Started,,,,
SITE.MCSpecimen,Not Started,,,,,Not Started,,,,
SITE.MCStatBat,Not Started,,,,,Not Started,,,,
SITE.MCStatBatOrg,Not Started,,,,,Not Started,,,,
SITE.MCStatBatSpec,Not Started,,,,,Not Started,,,,
SITE.MCStatBatSpecView,Not Started,,,,,Not Started,,,,
SITE.MCStatLoc,Not Started,,,,,Not Started,,,,
SITE.MCStatPatBat,Not Started,,,,,Not Started,,,,
SITE.MCStatPatDrug,Not Started,,,,,Not Started,,,,
SITE.MCStatPatDrugView,Not Started,,,,,Not Started,,,,
SITE.MCStatPatMth,Not Started,,,,,Not Started,,,,
SITE.MCStatPatOrg,Not Started,,,,,Not Started,,,,
SITE.MCStatPatOrgView,Not Started,,,,,Not Started,,,,
SITE.MCStatPatSpec,Not Started,,,,,Not Started,,,,
SITE.MCStatPtDrug,Not Started,,,,,Not Started,,,,
SITE.MCStatPtDrugView,Not Started,,,,,Not Started,,,,
SITE.MCStatPtOrg,Not Started,,,,,Not Started,,,,
SITE.MCStatPtOrgView,Not Started,,,,,Not Started,,,,
SITE.MCSuscDrug,Not Started,,,,,Not Started,,,,
SITE.MCSuscDrugView,Not Started,,,,,Not Started,,,,
SITE.MCSuscept,Not Started,,,,,Not Started,,,,
SITE.MCTest,Not Started,,,,,Not Started,,,,
SITE.MCTestData,Not Started,,,,,Not Started,,,,
SITE.MCWorkup,Not Started,,,,,Not Started,,,,
SITE.MCWorkupView,Not Started,,,,,Not Started,,,,
SITE.MGAPBILLVIEW,Not Started,,,,,Not Started,,,,
SITE.MGAPBilling,Not Started,,,,,Not Started,,,,
SITE.MGAPBillingDetail,Not Started,,,,,Not Started,,,,
SITE.MGBILLView,Not Started,,,,,Not Started,,,,
SITE.MGBilling,Not Started,,,,,Not Started,,,,
SITE.MGIBill,Not Started,,,,,Not Started,,,,
SITE.MGLabVolStats,Not Started,,,,,Not Started,,,,
SITE.MGQCView,Not Started,,,,,Not Started,,,,
SITE.MGRevStats,Not Started,,,,,Not Started,,,,
SITE.MGRevStatsView,Not Started,,,,,Not Started,,,,
SITE.MGRuleLog,Not Started,,,,,Not Started,,,,
SITE.MGTATColl,Not Started,,,,,Not Started,,,,
SITE.MGTATOrd,Not Started,,,,,Not Started,,,,
SITE.MGTATRes,Not Started,,,,,Not Started,,,,
SITE.MGTATView,Not Started,,,,,Not Started,,,,
SITE.MGVolStats,Not Started,,,,,Not Started,,,,
SITE.MGVolStatsView,Not Started,,,,,Not Started,,,,
SITE.MGWkldDay,Not Started,,,,,Not Started,,,,
SITE.MGWkldMon,Not Started,,,,,Not Started,,,,
SITE.MHAccTime,Not Started,,,,,Not Started,,,,
SITE.MHAddress,Not Started,,,,,Not Started,,,,
SITE.MHBatchStatus,Not Started,,,,,Not Started,,,,
SITE.MHBirthdate,Not Started,,,,,Not Started,,,,
SITE.MHBit,Not Started,,,,,Not Started,,,,
SITE.MHBitVal,Not Started,,,,,Not Started,,,,
SITE.MHBloodType,Not Started,,,,,Not Started,,,,
SITE.MHCDBClient,Not Started,,,,,Not Started,,,,
SITE.MHComment,Not Started,,,,,Not Started,,,,
SITE.MHCommentTrans,Not Started,,,,,Not Started,,,,
SITE.MHContHistStatus,Not Started,,,,,Not Started,,,,
SITE.MHContStatusBitmap,Not Started,,,,,Not Started,,,,
SITE.MHConvert,Not Started,,,,,Not Started,,,,
SITE.MHDataTypes,Not Started,,,,,Not Started,,,,
SITE.MHDate,Not Started,,,,,Not Started,,,,
SITE.MHDaysOfWeek,Not Started,,,,,Not Started,,,,
SITE.MHEnglishText,Not Started,,,,,Not Started,,,,
SITE.MHHospID,Not Started,,,,,Not Started,,,,
SITE.MHHourMinute,Not Started,,,,,Not Started,,,,
SITE.MHIsu,Not Started,,,,,Not Started,,,,
SITE.MHIsuInfo,Not Started,,,,,Not Started,,,,
SITE.MHMultChoice,Not Started,,,,,Not Started,,,,
SITE.MHName,Not Started,,,,,Not Started,,,,
SITE.MHNoHosp,Not Started,,,,,Not Started,,,,
SITE.MHNumeric,Not Started,,,,,Not Started,,,,
SITE.MHOrderModifier,Not Started,,,,,Not Started,,,,
SITE.MHPatientNum,Not Started,,,,,Not Started,,,,
SITE.MHRackActivityStat,Not Started,,,,,Not Started,,,,
SITE.MHResultMonth,Not Started,,,,,Not Started,,,,
SITE.MHSigFndDate,Not Started,,,,,Not Started,,,,
SITE.MHTestsInBat,Not Started,,,,,Not Started,,,,
SITE.MHTime,Not Started,,,,,Not Started,,,,
SITE.MHTranslate,Not Started,,,,,Not Started,,,,
SITE.MHYesNo,Not Started,,,,,Not Started,,,,
SITE.MMASpecimenCategoryCode,Not Started,,,,,Not Started,,,,
SITE.MMASpecimenDescriptionCode,Not Started,,,,,Not Started,,,,
SITE.MRSAReportView,Not Started,,,,,Not Started,,,,
SITE.MaPhysClient,Not Started,,,,,Not Started,,,,
SITE.MonRevBC,Not Started,,,,,Not Started,,,,
SITE.MonRevBL,Not Started,,,,,Not Started,,,,
SITE.MonRevHID,Not Started,,,,,Not Started,,,,
SITE.MonRevLC,Not Started,,,,,Not Started,,,,
SITE.MonRevLD,Not Started,,,,,Not Started,,,,
SITE.MonRevMJ,Not Started,,,,,Not Started,,,,
SITE.MonRevOC,Not Started,,,,,Not Started,,,,
SITE.MonRevRL,Not Started,,,,,Not Started,,,,
SITE.MonRevView,Not Started,,,,,Not Started,,,,
SITE.PatientLocation,Not Started,,,,,Not Started,,,,
SITE.PatientLocationView,Not Started,,,,,Not Started,,,,
SITE.QCCtlData,Not Started,,,,,Not Started,,,,
SITE.QCCtlRes,Not Started,,,,,Not Started,,,,
SITE.QCDetailView,Not Started,,,,,Not Started,,,,
SITE.QCLot,Not Started,,,,,Not Started,,,,
SITE.QCMonStat,Not Started,,,,,Not Started,,,,
SITE.QCResult,Not Started,,,,,Not Started,,,,
SITE.REVERSEGLRES,Not Started,,,,,Not Started,,,,
SITE.ROOrder,Not Started,,,,,Not Started,,,,
SITE.ROPatient,Not Started,,,,,Not Started,,,,
SITE.ROPatientView,Not Started,,,,,Not Started,,,,
SITE.ROSpecimen,Not Started,,,,,Not Started,,,,
SITE.ROTest,Not Started,,,,,Not Started,,,,
SITE.ROTestView,Not Started,,,,,Not Started,,,,
SITE.RPTHEADER,Not Started,,,,,Not Started,,,,
SITE.RTECDBView,Not Started,,,,,Not Started,,,,
SITE.RTECourierDest,Not Started,,,,,Not Started,,,,
SITE.RTECourierDestClient,Not Started,,,,,Not Started,,,,
SITE.RTECourierDestCmnt,Not Started,,,,,Not Started,,,,
SITE.RTECourierDestInstruc,Not Started,,,,,Not Started,,,,
SITE.RTECourierDestLocPhys,Not Started,,,,,Not Started,,,,
SITE.RTECourierDestPhys,Not Started,,,,,Not Started,,,,
SITE.RTECourierDestSched,Not Started,,,,,Not Started,,,,
SITE.RTECourierDestSchedView,Not Started,,,,,Not Started,,,,
SITE.RTECourierDestStops,Not Started,,,,,Not Started,,,,
SITE.RTECourierRoutes,Not Started,,,,,Not Started,,,,
SITE.RTECourierRoutesCmnt,Not Started,,,,,Not Started,,,,
SITE.RTECourierRoutesInstruc,Not Started,,,,,Not Started,,,,
SITE.RTECourierRoutesSched,Not Started,,,,,Not Started,,,,
SITE.RTECourierRoutesSchedView,Not Started,,,,,Not Started,,,,
SITE.RTECourierRoutesStopsSeq,Not Started,,,,,Not Started,,,,
SITE.RTECourierStops,Not Started,,,,,Not Started,,,,
SITE.RTECourierStopsCmnt,Not Started,,,,,Not Started,,,,
SITE.RTECourierStopsDestSeq,Not Started,,,,,Not Started,,,,
SITE.RTECourierStopsInstruc,Not Started,,,,,Not Started,,,,
SITE.RTECourierStopsRoutes,Not Started,,,,,Not Started,,,,
SITE.RTEDestClientView,Not Started,,,,,Not Started,,,,
SITE.RTEDestStopView,Not Started,,,,,Not Started,,,,
SITE.RTEDestsLocPhysView,Not Started,,,,,Not Started,,,,
SITE.RTERoutesStopSeq,Not Started,,,,,Not Started,,,,
SITE.RTEStopsRoutesView,Not Started,,,,,Not Started,,,,
SITE.RTEStopsSeqView,Not Started,,,,,Not Started,,,,
SITE.ReceiveTubeType,Not Started,,,,,Not Started,,,,
SITE.ReceiveTubeTypeView,Not Started,,,,,Not Started,,,,
SITE.SCDetail,Not Started,,,,,Not Started,,,,
SITE.SCInfo,Not Started,,,,,Not Started,,,,
SITE.SMRANCIDXref,Not Started,,,,,Not Started,,,,
SITE.SMRBatchChildBatch,Not Started,,,,,Not Started,,,,
SITE.SMRBatchChildBatchXRefVie,Not Started,,,,,Not Started,,,,
SITE.SMRBatchComments,Not Started,,,,,Not Started,,,,
SITE.SMRBatchContainer,Not Started,,,,,Not Started,,,,
SITE.SMRBatchContainerView,Not Started,,,,,Not Started,,,,
SITE.SMRBatchHistory,Not Started,,,,,Not Started,,,,
SITE.SMRBatchHistoryView,Not Started,,,,,Not Started,,,,
SITE.SMRBatchInformation,Not Started,,,,,Not Started,,,,
SITE.SMRChildContainerXRefView,Not Started,,,,,Not Started,,,,
SITE.SMRContChildContXRef,Not Started,,,,,Not Started,,,,
SITE.SMRContPatientChildXRef,Not Started,,,,,Not Started,,,,
SITE.SMRContPatientChildXRefVi,Not Started,,,,,Not Started,,,,
SITE.SMRContainer,Not Started,,,,,Not Started,,,,
SITE.SMRContainerComment,Not Started,,,,,Not Started,,,,
SITE.SMRContainerCommentView,Not Started,,,,,Not Started,,,,
SITE.SMRContainerHistory,Not Started,,,,,Not Started,,,,
SITE.SMRContainerHistoryView,Not Started,,,,,Not Started,,,,
SITE.SMRContainerPatientSpec,Not Started,,,,,Not Started,,,,
SITE.SMRContainerPatientSpecVi,Not Started,,,,,Not Started,,,,
SITE.SMRContainerPatientTest,Not Started,,,,,Not Started,,,,
SITE.SMRContainerPatientTestVi,Not Started,,,,,Not Started,,,,
SITE.SMRContainerRoute,Not Started,,,,,Not Started,,,,
SITE.SMRContainerRouteView,Not Started,,,,,Not Started,,,,
SITE.SMRContainerView,Not Started,,,,,Not Started,,,,
SITE.SMRCrossRef,Not Started,,,,,Not Started,,,,
SITE.SMRFilterDef,Not Started,,,,,Not Started,,,,
SITE.SMRFilterDestSPOT,Not Started,,,,,Not Started,,,,
SITE.SMRFilterSourceSPOT,Not Started,,,,,Not Started,,,,
SITE.SMRFilterTestCode,Not Started,,,,,Not Started,,,,
SITE.SMRFilterView,Not Started,,,,,Not Started,,,,
SITE.SMRNumberAssignControl,Not Started,,,,,Not Started,,,,
SITE.SMRPatientContainerXRef,Not Started,,,,,Not Started,,,,
SITE.SMRRackHistory,Not Started,,,,,Not Started,,,,
SITE.SMRRackHistoryView,Not Started,,,,,Not Started,,,,
SITE.SMRRackInformation,Not Started,,,,,Not Started,,,,
SITE.SMRRackInformationView,Not Started,,,,,Not Started,,,,
SITE.SMRRackSlotID,Not Started,,,,,Not Started,,,,
SITE.SMRRackSlotIDView,Not Started,,,,,Not Started,,,,
SITE.SMRResourceStatus,Not Started,,,,,Not Started,,,,
SITE.SMRResourceStatusView,Not Started,,,,,Not Started,,,,
SITE.SMRStartSPOT,Not Started,,,,,Not Started,,,,
SITE.SMRStartSearchSPOT,Not Started,,,,,Not Started,,,,
SITE.SOOrderReq,Not Started,,,,,Not Started,,,,
SITE.SOOrderReqView,Not Started,,,,,Not Started,,,,
SITE.SOSchedDate,Not Started,,,,,Not Started,,,,
SITE.SOSchedDateView,Not Started,,,,,Not Started,,,,
SITE.SOSchedOrder,Not Started,,,,,Not Started,,,,
SITE.SQDataTypes,Not Started,,,,,Not Started,,,,
SITE.SREGAccLevel,Not Started,,,,,Not Started,,,,
SITE.SREGPtLevel,Not Started,,,,,Not Started,,,,
SITE.SREGVisitLevel,Not Started,,,,,Not Started,,,,
SITE.SYSVALS,Not Started,,,,,Not Started,,,,
SITE.SynAcc,Not Started,,,,,Not Started,,,,
SITE.SynBat,Not Started,,,,,Not Started,,,,
SITE.SynHIDXref,Not Started,,,,,Not Started,,,,
SITE.SynMergeHist,Not Started,,,,,Not Started,,,,
SITE.SynOrdEventView,Not Started,,,,,Not Started,,,,
SITE.SynOrdXref,Not Started,,,,,Not Started,,,,
SITE.SynOrder,Not Started,,,,,Not Started,,,,
SITE.SynPatient,Not Started,,,,,Not Started,,,,
SITE.SynPrintXref,Not Started,,,,,Not Started,,,,
SITE.SynTest,Not Started,,,,,Not Started,,,,
SITE.Syndrome,Not Started,,,,,Not Started,,,,
SITE.SysMsg,Not Started,,,,,Not Started,,,,
SITE.TESTBILLING,Not Started,,,,,Not Started,,,,
SITE.TrackSpecimenBat,Not Started,,,,,Not Started,,,,
SITE.TrackSpecimenTest,Not Started,,,,,Not Started,,,,
SITE.UBBStaView,Not Started,,,,,Not Started,,,,
SITE.UBCCONTAMVIEW,Not Started,,,,,Not Started,,,,
SITE.UCLMGLAccessionView,Not Started,,,,,Not Started,,,,
SITE.UCOVIDGLAccessionView,Not Started,,,,,Not Started,,,,
SITE.UCOVIDGLORDXMJView,Not Started,,,,,Not Started,,,,
SITE.ULOGAN,Not Started,,,,,Not Started,,,,
SITE.ULOGBAT,Not Started,,,,,Not Started,,,,
SITE.ULOGCLMView,Not Started,,,,,Not Started,,,,
SITE.ULOGPT,Not Started,,,,,Not Started,,,,
SITE.UMAENGTextMoView,Not Started,,,,,Not Started,,,,
SITE.USLNContainerRouteView1,Not Started,,,,,Not Started,,,,
SITE.USLNCrossReferenceView1,Not Started,,,,,Not Started,,,,
SITE.USLNGLORDXMJView1,Not Started,,,,,Not Started,,,,
SITE.USMRContainerPatientTestView,Not Started,,,,,Not Started,,,,
SITE.UnitsStatFile,Not Started,,,,,Not Started,,,,
SITE.imcmicrorpt,Not Started,,,,,Not Started,,,,
SITE.u1GLAccessionHistView,Not Started,,,,,Not Started,,,,
SITE.u2BBStatusView,Not Started,,,,,Not Started,,,,
SITE.u3BBStatusView,Not Started,,,,,Not Started,,,,
SITE.u4BBStatusView,Not Started,,,,,Not Started,,,,
SITE.uBBAllocView,Not Started,,,,,Not Started,,,,
SITE.uBBAllocationView,Not Started,,,,,Not Started,,,,
SITE.uBBCOMPView,Not Started,,,,,Not Started,,,,
SITE.uBBStatusView,Not Started,,,,,Not Started,,,,
SITE.uBBStatusView1,Not Started,,,,,Not Started,,,,
SITE.uBBStatusView2,Not Started,,,,,Not Started,,,,
SITE.uBBTransfusedView3,Not Started,,,,,Not Started,,,,
SITE.uBBstatus,Not Started,,,,,Not Started,,,,
SITE.uCrossReferenceView,Not Started,,,,,Not Started,,,,
SITE.uGLACCVIEW,Not Started,,,,,Not Started,,,,
SITE.uGLAccessionHistView,Not Started,,,,,Not Started,,,,
SITE.uGLORDView,Not Started,,,,,Not Started,,,,
SITE.uGLORDXMJView,Not Started,,,,,Not Started,,,,
SITE.uGLPATView,Not Started,,,,,Not Started,,,,
SITE.uGLPatientView,Not Started,,,,,Not Started,,,,
SITE.uIDXGLView,Not Started,,,,,Not Started,,,,
SITE.uLTN5GLView,Not Started,,,,,Not Started,,,,
SITE.uLTN7GLVIEW,Not Started,,,,,Not Started,,,,
SITE.uLTN8BTView,Not Started,,,,,Not Started,,,,
SITE.uLTN8GLView,Not Started,,,,,Not Started,,,,
SITE.uMAOrdView,Not Started,,,,,Not Started,,,,
SITE.uMAPhysGroupView,Not Started,,,,,Not Started,,,,
SITE.uMAQAMethRngVIEW,Not Started,,,,,Not Started,,,,
SITE.uMASpotIDContainerListView,Not Started,,,,,Not Started,,,,
SITE.uMCOrderView,Not Started,,,,,Not Started,,,,
SITE.uMCOrderViewTEST,Not Started,,,,,Not Started,,,,
SITE.uMCRESView,Not Started,,,,,Not Started,,,,
SITE.uMCResAllCtxtView,Not Started,,,,,Not Started,,,,
SITE.uMCResBatAccView,Not Started,,,,,Not Started,,,,
SITE.uMCResSuscView,Not Started,,,,,Not Started,,,,
SITE.uMGBILLView,Not Started,,,,,Not Started,,,,
SITE.uMGTATView,Not Started,,,,,Not Started,,,,
SITE.uMUNMCOrderView,Not Started,,,,,Not Started,,,,
SITE.uPatientLocationView,Not Started,,,,,Not Started,,,,
SITE.uSLNLTN7GLabView1,Not Started,,,,,Not Started,,,,
SITE.uSMRContainerHistoryView,Not Started,,,,,Not Started,,,,
SITE.uSMRContainerHostoryView,Not Started,,,,,Not Started,,,,
SITE.uSMRContainerPatientSpecView,Not Started,,,,,Not Started,,,,
SITE.ugl1accessionview,Not Started,,,,,Not Started,,,,
SITE.umicroGLORDXMJView,Not Started,,,,,Not Started,,,,
SQ.APBillWkLd,Not Started,,,,,OK,2025-07-30 10:05:59,0,2,\Success\
SQ.APCollectionDateCrossRef,Not Started,,,,,OK,2025-07-30 10:06:23,658017,2,\Success\
SQ.APCollectionView,Not Started,,,,,SKIPPED,2025-07-30 10:06:23,0,3,\No scalar properties to export\
SQ.APDIAGView,Not Started,,,,,SKIPPED,2025-07-30 10:06:23,0,3,\No scalar properties to export\
SQ.APDOCView,Not Started,,,,,SKIPPED,2025-07-30 10:06:23,0,3,\No scalar properties to export\
SQ.APDiag,Not Started,,,,,OK,2025-07-30 10:07:39,997569,2,\Success\
SQ.APDocHistory,Not Started,,,,,OK,2025-07-30 10:07:54,269329,2,\Success\
SQ.APDocSection,Not Started,,,,,OK,2025-07-30 10:07:57,76,2,\Success\
SQ.APDocText,Not Started,,,,,OK,2025-07-30 10:09:54,3902316,2,\Success\
SQ.APGLView,Not Started,,,,,SKIPPED,2025-07-30 10:09:54,0,3,\No scalar properties to export\
SQ.APGenLabView,Not Started,,,,,SKIPPED,2025-07-30 10:09:54,0,3,\No scalar properties to export\
SQ.APMADiag,Not Started,,,,,OK,2025-07-30 10:09:57,33569,2,\Success\
SQ.APMAOrgan,Not Started,,,,,OK,2025-07-30 10:09:57,9911,2,\Success\
SQ.APMAPath,Not Started,,,,,OK,2025-07-30 10:09:58,19,2,\Success\
SQ.APMAQual,Not Started,,,,,OK,2025-07-30 10:09:58,37,2,\Success\
SQ.APORDView,Not Started,,,,,SKIPPED,2025-07-30 10:09:58,0,3,\No scalar properties to export\
SQ.APPatient,Not Started,,,,,OK,2025-07-30 10:09:58,0,2,\Success\
SQ.APQARView,Not Started,,,,,SKIPPED,2025-07-30 10:09:58,0,3,\No scalar properties to export\
SQ.APQAReview,Not Started,,,,,OK,2025-07-30 10:09:58,0,2,\Success\
SQ.APSlideStatistics,Not Started,,,,,OK,2025-07-30 10:10:18,335098,2,\Success\
SQ.APSpecArchResult,Not Started,,,,,OK,2025-07-30 10:13:26,3290427,2,\Success\
SQ.APSpecialArchiv,Not Started,,,,,OK,2025-07-30 10:14:32,2790097,2,\Success\
SQ.APSpecimen,Not Started,,,,,OK,2025-07-30 10:14:54,772573,2,\Success\
SQ.APSpecimenAtom,Not Started,,,,,OK,2025-07-30 10:15:21,772573,2,\Success\
SQ.APSpecimenAtomDesc,Not Started,,,,,OK,2025-07-30 10:15:46,788436,2,\Success\
SQ.ARCComment,Not Started,,,,,SKIPPED,2025-07-30 10:15:46,0,3,\No scalar properties to export\
SQ.ARCETCFT,Not Started,,,,,SKIPPED,2025-07-30 10:15:46,0,3,\No scalar properties to export\
SQ.BBACC,Not Started,,,,,OK,2025-07-30 10:15:46,0,2,\Success\
SQ.BBACCAlloc,Not Started,,,,,OK,2025-07-30 10:15:46,0,2,\Success\
SQ.BBALLOCTEST,Not Started,,,,,OK,2025-07-30 10:15:46,0,2,\Success\
SQ.BBATCD,Not Started,,,,,OK,2025-07-30 10:15:46,3,2,\Success\
SQ.BBATCDfld,Not Started,,,,,OK,2025-07-30 10:15:46,0,2,\Success\
SQ.BBActiveUnits,Not Started,,,,,OK,2025-07-30 10:15:47,649,2,\Success\
SQ.BBAgAb,Not Started,,,,,OK,2025-07-30 10:15:47,0,2,\Success\
SQ.BBAllocCntView,Not Started,,,,,SKIPPED,2025-07-30 10:15:47,0,3,\No scalar properties to export\
SQ.BBAllocStat,Not Started,,,,,OK,2025-07-30 10:15:47,0,2,\Success\
SQ.BBAllocStatus,Not Started,,,,,OK,2025-07-30 10:15:47,0,2,\Success\
SQ.BBAllocView,Not Started,,,,,SKIPPED,2025-07-30 10:15:47,0,3,\No scalar properties to export\
SQ.BBAllocationView,Not Started,,,,,SKIPPED,2025-07-30 10:15:47,0,3,\No scalar properties to export\
SQ.BBBLAD,Not Started,,,,,OK,2025-07-30 10:15:47,10,2,\Success\
SQ.BBBLADVol,Not Started,,,,,OK,2025-07-30 10:15:47,0,2,\Success\
SQ.BBBLXM,Not Started,,,,,OK,2025-07-30 10:15:47,1,2,\Success\
SQ.BBBPAlloc,Not Started,,,,,OK,2025-07-30 10:15:47,15,2,\Success\
SQ.BBBPAllocAN,Not Started,,,,,OK,2025-07-30 10:15:48,16,2,\Success\
SQ.BBBPAllocUnit,Not Started,,,,,OK,2025-07-30 10:15:48,17,2,\Success\
SQ.BBBPAttr,Not Started,,,,,OK,2025-07-30 10:23:51,22033,2,\Success\
SQ.BBBPAttrHst,Not Started,,,,,OK,2025-07-30 10:23:52,0,2,\Success\
SQ.BBBPBat,Not Started,,,,,OK,2025-07-30 10:24:17,290956,2,\Success\
SQ.BBBPCmp,Not Started,,,,,OK,2025-07-30 10:24:53,564028,2,\Success\
SQ.BBBPCmpBat,Not Started,,,,,OK,2025-07-30 10:24:54,0,2,\Success\
SQ.BBBPCmpHst,Not Started,,,,,OK,2025-07-30 10:30:35,4002333,2,\Success\
SQ.BBBPCmpPhas,Not Started,,,,,OK,2025-07-30 10:30:57,0,2,\Success\
SQ.BBBPCmpReact,Not Started,,,,,OK,2025-07-30 10:31:32,374186,2,\Success\
SQ.BBBPCmpRes,Not Started,,,,,OK,2025-07-30 10:35:00,4606794,2,\Success\
SQ.BBBPCmpTst,Not Started,,,,,OK,2025-07-30 10:35:00,0,2,\Success\
SQ.BBBPCmpTxt,Not Started,,,,,OK,2025-07-30 10:35:21,0,2,\Success\
SQ.BBBPCompatView,Not Started,,,,,SKIPPED,2025-07-30 10:35:21,0,3,\No scalar properties to export\
SQ.BBBPDevt,Not Started,,,,,OK,2025-07-30 10:35:24,77022,2,\Success\
SQ.BBBPEvent,Not Started,,,,,OK,2025-07-30 10:35:38,200071,2,\Success\
SQ.BBBPG,Not Started,,,,,OK,2025-07-30 10:35:38,501,2,\Success\
SQ.BBBPInfo,Not Started,,,,,OK,2025-07-30 10:35:38,0,2,\Success\
SQ.BBBPPhaseReact,Not Started,,,,,OK,2025-07-30 10:35:58,560286,2,\Success\
SQ.BBBPPoolCur,Not Started,,,,,OK,2025-07-30 10:36:01,77021,2,\Success\
SQ.BBBPPoolHst,Not Started,,,,,OK,2025-07-30 10:36:02,13,2,\Success\
SQ.BBBPRegHst,Not Started,,,,,OK,2025-07-30 10:36:03,32,2,\Success\
SQ.BBBPResPhase,Not Started,,,,,OK,2025-07-30 10:36:09,113467,2,\Success\
SQ.BBBPResTxt,Not Started,,,,,OK,2025-07-30 10:36:12,0,2,\Success\
SQ.BBBPSourceCur,Not Started,,,,,OK,2025-07-30 10:36:57,476082,2,\Success\
SQ.BBBPSourceHst,Not Started,,,,,OK,2025-07-30 10:36:57,213,2,\Success\
SQ.BBBPSpcCur,Not Started,,,,,OK,2025-07-30 10:37:42,476082,2,\Success\
SQ.BBBPSpcHst,Not Started,,,,,OK,2025-07-30 10:38:28,527442,2,\Success\
SQ.BBBPSpcRev,Not Started,,,,,OK,2025-07-30 10:38:29,2527,2,\Success\
SQ.BBBPSrcRev,Not Started,,,,,OK,2025-07-30 10:38:30,1013,2,\Success\
SQ.BBBPSrcRevST,Not Started,,,,,OK,2025-07-30 10:38:31,0,2,\Success\
SQ.BBBPSta,Not Started,,,,,OK,2025-07-30 10:38:31,0,2,\Success\
SQ.BBBPStaAlloc,Not Started,,,,,OK,2025-07-30 10:38:32,16,2,\Success\
SQ.BBBPStaHst,Not Started,,,,,OK,2025-07-30 10:40:47,1337013,2,\Success\
SQ.BBBPStaHstAlloc,Not Started,,,,,OK,2025-07-30 10:41:16,413121,2,\Success\
SQ.BBBPStaRev,Not Started,,,,,OK,2025-07-30 10:41:17,1141,2,\Success\
SQ.BBBPStaRevAlloc,Not Started,,,,,OK,2025-07-30 10:41:18,113,2,\Success\
SQ.BBBPSunEvt,Not Started,,,,,OK,2025-07-30 10:41:21,77022,2,\Success\
SQ.BBBPTst,Not Started,,,,,OK,2025-07-30 10:41:33,298014,2,\Success\
SQ.BBBPTstHst,Not Started,,,,,OK,2025-07-30 10:41:58,295487,2,\Success\
SQ.BBBPTstObs,Not Started,,,,,OK,2025-07-30 10:42:20,520417,2,\Success\
SQ.BBBPTstRes,Not Started,,,,,OK,2025-07-30 10:42:48,638430,2,\Success\
SQ.BBBPTyp,Not Started,,,,,OK,2025-07-30 10:43:17,472500,2,\Success\
SQ.BBBPTypAGAB,Not Started,,,,,OK,2025-07-30 10:43:20,91491,2,\Success\
SQ.BBBPTypHstAG,Not Started,,,,,OK,2025-07-30 10:43:20,0,2,\Success\
SQ.BBBPTypRev,Not Started,,,,,OK,2025-07-30 10:43:24,49398,2,\Success\
SQ.BBBPTypRevAGAB,Not Started,,,,,OK,2025-07-30 10:43:25,13443,2,\Success\
SQ.BBBPTypRevHNAGAB,Not Started,,,,,OK,2025-07-30 10:43:25,0,2,\Success\
SQ.BBBPUnReg,Not Started,,,,,OK,2025-07-30 10:43:26,27,2,\Success\
SQ.BBBPUnRegHst,Not Started,,,,,OK,2025-07-30 10:43:27,0,2,\Success\
SQ.BBBPUserDef,Not Started,,,,,OK,2025-07-30 10:43:28,0,2,\Success\
SQ.BBBSGen,Not Started,,,,,OK,2025-07-30 10:43:29,107,2,\Success\
SQ.BBBSGroup,Not Started,,,,,OK,2025-07-30 10:43:29,4,2,\Success\
SQ.BBBSGroupMem,Not Started,,,,,OK,2025-07-30 10:43:29,107,2,\Success\
SQ.BBBpCmpObs,Not Started,,,,,OK,2025-07-30 10:46:42,4584233,2,\Success\
SQ.BBBpReg,Not Started,,,,,OK,2025-07-30 10:46:43,12308,2,\Success\
SQ.BBCOMPView,Not Started,,,,,SKIPPED,2025-07-30 10:46:43,0,3,\No scalar properties to export\
SQ.BBCollMonth,Not Started,,,,,OK,2025-07-30 10:46:43,0,2,\Success\
SQ.BBISF,Not Started,,,,,OK,2025-07-30 10:46:44,24,2,\Success\
SQ.BBISFABO,Not Started,,,,,OK,2025-07-30 10:46:44,0,2,\Success\
SQ.BBISFAGAB,Not Started,,,,,OK,2025-07-30 10:46:44,0,2,\Success\
SQ.BBISFCT,Not Started,,,,,OK,2025-07-30 10:46:44,140,2,\Success\
SQ.BBISFCont,Not Started,,,,,OK,2025-07-30 10:46:44,0,2,\Success\
SQ.BBIssuedUnits,Not Started,,,,,OK,2025-07-30 10:47:10,359886,2,\Success\
SQ.BBLog,Not Started,,,,,OK,2025-07-30 10:47:10,0,2,\Success\
SQ.BBLogError,Not Started,,,,,OK,2025-07-30 10:47:10,0,2,\Success\
SQ.BBLogUnit,Not Started,,,,,OK,2025-07-30 10:47:10,0,2,\Success\
SQ.BBMACTG,Not Started,,,,,OK,2025-07-30 10:47:10,13,2,\Success\
SQ.BBMACTGCT,Not Started,,,,,OK,2025-07-30 10:47:10,316,2,\Success\
SQ.BBMACompTy,Not Started,,,,,OK,2025-07-30 10:47:10,316,2,\Success\
SQ.BBMALblBPE,Not Started,,,,,OK,2025-07-30 10:47:11,0,2,\Success\
SQ.BBMALblCP,Not Started,,,,,OK,2025-07-30 10:47:11,0,2,\Success\
SQ.BBMAProductCode,Not Started,,,,,OK,2025-07-30 10:47:12,8319,2,\Success\
SQ.BBMerge,Not Started,,,,,OK,2025-07-30 10:47:46,432,2,\Success\
SQ.BBPatient,Not Started,,,,,OK,2025-07-30 10:47:46,0,2,\Success\
SQ.BBProductUtilizationView,Not Started,,,,,SKIPPED,2025-07-30 10:47:46,0,3,\No scalar properties to export\
SQ.BBPtUnit,Not Started,,,,,OK,2025-07-30 10:48:19,564028,2,\Success\
SQ.BBPtUnitView,Not Started,,,,,SKIPPED,2025-07-30 10:48:19,0,3,\No scalar properties to export\
SQ.BBPurge,Not Started,,,,,OK,2025-07-30 10:48:37,359859,2,\Success\
SQ.BBPurgeCmt,Not Started,,,,,OK,2025-07-30 10:48:38,0,2,\Success\
SQ.BBRR,Not Started,,,,,OK,2025-07-30 10:50:26,925087,2,\Success\
SQ.BBRRPHS,Not Started,,,,,OK,2025-07-30 10:51:02,937533,2,\Success\
SQ.BBRRPHSRS,Not Started,,,,,OK,2025-07-30 10:52:56,3578702,2,\Success\
SQ.BBSlashUnit,Not Started,,,,,OK,2025-07-30 10:52:58,16583,2,\Success\
SQ.BBStatusView,Not Started,,,,,SKIPPED,2025-07-30 10:52:58,0,3,\No scalar properties to export\
SQ.BBTransHist,Not Started,,,,,OK,2025-07-30 10:54:12,1102623,2,\Success\
SQ.BBTransfusedView,Not Started,,,,,SKIPPED,2025-07-30 10:54:12,0,3,\No scalar properties to export\
SQ.BBUNACC,Not Started,,,,,OK,2025-07-30 10:54:12,0,2,\Success\
SQ.BBUNACCRS,Not Started,,,,,OK,2025-07-30 10:54:12,0,2,\Success\
SQ.BBUnitDemo,Not Started,,,,,OK,2025-07-30 10:54:16,49431,2,\Success\
SQ.BBUnitDest,Not Started,,,,,OK,2025-07-30 10:54:34,36951,2,\Success\
SQ.BBUnitHist,Not Started,,,,,OK,2025-07-30 10:54:56,326651,2,\Success\
SQ.BBUnitIndex,Not Started,,,,,OK,2025-07-30 10:55:30,476074,2,\Success\
SQ.BBUnitLoad,Not Started,,,,,OK,2025-07-30 10:55:40,141423,2,\Success\
SQ.BBUnitSupplierData,Not Started,,,,,OK,2025-07-30 10:55:44,130016,2,\Success\
SQ.BBUnitTech,Not Started,,,,,OK,2025-07-30 10:55:55,327784,2,\Success\
SQ.BBUnitTechData,Not Started,,,,,OK,2025-07-30 10:55:59,141511,2,\Success\
SQ.BBUnits,Not Started,,,,,OK,2025-07-30 10:56:12,459762,2,\Success\
SQ.BBXMCnt,Not Started,,,,,OK,2025-07-30 10:56:12,0,2,\Success\
SQ.BLComponentTypeAdminFees,Not Started,,,,,SKIPPED,2025-07-30 10:56:12,0,3,\No scalar properties to export\
SQ.BLComponentTypeProcessing,Not Started,,,,,SKIPPED,2025-07-30 10:56:12,0,3,\No scalar properties to export\
SQ.BLComponentTypeVolumeFees,Not Started,,,,,SKIPPED,2025-07-30 10:56:12,0,3,\No scalar properties to export\
SQ.BLCrossmatchUnitFees,Not Started,,,,,SKIPPED,2025-07-30 10:56:12,0,3,\No scalar properties to export\
SQ.BLMicroMethodFees,Not Started,,,,,SKIPPED,2025-07-30 10:56:12,0,3,\No scalar properties to export\
SQ.BLOrderCodeFees,Not Started,,,,,SKIPPED,2025-07-30 10:56:12,0,3,\No scalar properties to export\
SQ.BLPhlebWkldFees,Not Started,,,,,SKIPPED,2025-07-30 10:56:12,0,3,\No scalar properties to export\
SQ.BLT28Patient,Not Started,,,,,OK,2025-07-30 10:56:29,0,2,\Success\
SQ.BLT61PDef,Not Started,,,,,OK,2025-07-30 10:56:30,0,2,\Success\
SQ.BLT61Proc,Not Started,,,,,OK,2025-07-30 10:56:30,0,2,\Success\
SQ.BLT62DonUpd,Not Started,,,,,OK,2025-07-30 10:56:30,0,2,\Success\
SQ.BLT7Observation,Not Started,,,,,OK,2025-07-30 10:56:31,0,2,\Success\
SQ.BLT7Order,Not Started,,,,,OK,2025-07-30 10:56:31,0,2,\Success\
SQ.BLT7Result,Not Started,,,,,OK,2025-07-30 10:56:31,0,2,\Success\
SQ.BLT7ResultText,Not Started,,,,,OK,2025-07-30 10:56:32,0,2,\Success\
SQ.BLT7Test,Not Started,,,,,OK,2025-07-30 10:56:32,0,2,\Success\
SQ.BLT7TestReflex,Not Started,,,,,OK,2025-07-30 10:56:33,0,2,\Success\
SQ.CBContact,Not Started,,,,,OK,2025-07-30 10:56:34,3941,2,\Success\
SQ.CBContactView,Not Started,,,,,SKIPPED,2025-07-30 10:56:34,0,3,\No scalar properties to export\
SQ.CBOrder,Not Started,,,,,OK,2025-07-30 10:56:34,1109,2,\Success\
SQ.CBPHPhone,Not Started,,,,,OK,2025-07-30 10:56:35,2,2,\Success\
SQ.CBPHResult,Not Started,,,,,OK,2025-07-30 10:56:35,0,2,\Success\
SQ.CBPLABCodes,Not Started,,,,,OK,2025-07-30 10:56:35,1248,2,\Success\
SQ.CBPhoneResultView,Not Started,,,,,SKIPPED,2025-07-30 10:56:35,0,3,\No scalar properties to export\
SQ.CBResultView,Not Started,,,,,SKIPPED,2025-07-30 10:56:35,0,3,\No scalar properties to export\
SQ.CBTIQCodes,Not Started,,,,,OK,2025-07-30 10:56:35,0,2,\Success\
SQ.CBTest,Not Started,,,,,OK,2025-07-30 10:56:35,0,2,\Success\
SQ.CDBCMNTView,Not Started,,,,,SKIPPED,2025-07-30 10:56:35,0,3,\No scalar properties to export\
SQ.CDBClient,Not Started,,,,,OK,2025-07-30 10:56:35,0,2,\Success\
SQ.CDBClientCallbackCmnt,Not Started,,,,,OK,2025-07-30 10:56:35,0,2,\Success\
SQ.CDBClientCmnt,Not Started,,,,,OK,2025-07-30 10:56:35,0,2,\Success\
SQ.CDBClientDestination,Not Started,,,,,OK,2025-07-30 10:56:35,0,2,\Success\
SQ.CDBClientHosp,Not Started,,,,,OK,2025-07-30 10:56:35,0,2,\Success\
SQ.CDBClientMktrep,Not Started,,,,,OK,2025-07-30 10:56:35,0,2,\Success\
SQ.CDBClientMktrepView,Not Started,,,,,SKIPPED,2025-07-30 10:56:35,0,3,\No scalar properties to export\
SQ.CDBClientPhone,Not Started,,,,,OK,2025-07-30 10:56:36,0,2,\Success\
SQ.CDBClientPhysician,Not Started,,,,,OK,2025-07-30 10:56:36,0,2,\Success\
SQ.CDBClientServices,Not Started,,,,,OK,2025-07-30 10:56:36,0,2,\Success\
SQ.CDBClientSpecialty,Not Started,,,,,OK,2025-07-30 10:56:36,0,2,\Success\
SQ.CDBClientTerritory,Not Started,,,,,OK,2025-07-30 10:56:36,0,2,\Success\
SQ.CDBClientTerritoryView,Not Started,,,,,SKIPPED,2025-07-30 10:56:36,0,3,\No scalar properties to export\
SQ.CDBHospView,Not Started,,,,,SKIPPED,2025-07-30 10:56:36,0,3,\No scalar properties to export\
SQ.CDBMaintMktrep,Not Started,,,,,OK,2025-07-30 10:56:36,0,2,\Success\
SQ.CDBMaintMktrepTerritoryC0,Not Started,,,,,SKIPPED,2025-07-30 10:56:36,0,3,\No scalar properties to export\
SQ.CDBMaintMktrepTerritoryCl,Not Started,,,,,OK,2025-07-30 10:56:36,0,2,\Success\
SQ.CDBMaintMktrepView,Not Started,,,,,SKIPPED,2025-07-30 10:56:36,0,3,\No scalar properties to export\
SQ.CDBMaintService,Not Started,,,,,OK,2025-07-30 10:56:37,0,2,\Success\
SQ.CDBMaintSpecialty,Not Started,,,,,OK,2025-07-30 10:56:37,0,2,\Success\
SQ.CDBMaintTerritory,Not Started,,,,,OK,2025-07-30 10:56:37,0,2,\Success\
SQ.CDBMaintTerritoryClient,Not Started,,,,,OK,2025-07-30 10:56:37,0,2,\Success\
SQ.CDBMaintTerritoryClientVi,Not Started,,,,,SKIPPED,2025-07-30 10:56:37,0,3,\No scalar properties to export\
SQ.CDBMaintTerritoryMktrep,Not Started,,,,,OK,2025-07-30 10:56:37,0,2,\Success\
SQ.CDBMaintTerritoryMktrepVi,Not Started,,,,,SKIPPED,2025-07-30 10:56:37,0,3,\No scalar properties to export\
SQ.CDBMaintTerritoryView,Not Started,,,,,SKIPPED,2025-07-30 10:56:37,0,3,\No scalar properties to export\
SQ.CDBPhoneView,Not Started,,,,,SKIPPED,2025-07-30 10:56:37,0,3,\No scalar properties to export\
SQ.CDBPhysicianView,Not Started,,,,,SKIPPED,2025-07-30 10:56:37,0,3,\No scalar properties to export\
SQ.CDBRTEDestView,Not Started,,,,,SKIPPED,2025-07-30 10:56:37,0,3,\No scalar properties to export\
SQ.CDBServiceView,Not Started,,,,,SKIPPED,2025-07-30 10:56:37,0,3,\No scalar properties to export\
SQ.CDBServicesView,Not Started,,,,,SKIPPED,2025-07-30 10:56:37,0,3,\No scalar properties to export\
SQ.CDBSpecialtyView,Not Started,,,,,SKIPPED,2025-07-30 10:56:37,0,3,\No scalar properties to export\
SQ.CrossReference,Not Started,,,,,OK,2025-07-30 11:33:13,17545206,2,\Success\
SQ.CrossReferenceView,Not Started,,,,,SKIPPED,2025-07-30 11:33:13,0,3,\No scalar properties to export\
SQ.DONAGConflict,Not Started,,,,,OK,2025-07-30 11:33:13,0,2,\Success\
SQ.DONBTC,Not Started,,,,,OK,2025-07-30 11:33:14,180,2,\Success\
SQ.DONCROSSREF,Not Started,,,,,OK,2025-07-30 11:33:14,0,2,\Success\
SQ.DONCT,Not Started,,,,,OK,2025-07-30 11:33:14,5,2,\Success\
SQ.DONDup,Not Started,,,,,OK,2025-07-30 11:33:14,0,2,\Success\
SQ.DONGeneralData,Not Started,,,,,OK,2025-07-30 11:33:14,0,2,\Success\
SQ.DONMiscE,Not Started,,,,,OK,2025-07-30 11:33:14,0,2,\Success\
SQ.DONMiscP,Not Started,,,,,OK,2025-07-30 11:33:14,0,2,\Success\
SQ.DONNoDup,Not Started,,,,,OK,2025-07-30 11:33:14,0,2,\Success\
SQ.DONNoPDef,Not Started,,,,,OK,2025-07-30 11:33:14,0,2,\Success\
SQ.DONORView,Not Started,,,,,SKIPPED,2025-07-30 11:33:14,0,3,\No scalar properties to export\
SQ.DONPDef,Not Started,,,,,OK,2025-07-30 11:33:14,0,2,\Success\
SQ.DONPtAGB,Not Started,,,,,OK,2025-07-30 11:33:14,16,2,\Success\
SQ.DONPtUnAGAB,Not Started,,,,,OK,2025-07-30 11:33:14,17,2,\Success\
SQ.DONTemp,Not Started,,,,,OK,2025-07-30 11:33:14,0,2,\Success\
SQ.DONTotalUnits,Not Started,,,,,OK,2025-07-30 11:33:15,0,2,\Success\
SQ.DONUNCrossRef,Not Started,,,,,OK,2025-07-30 11:33:15,0,2,\Success\
SQ.DONUnacDef,Not Started,,,,,OK,2025-07-30 11:33:15,0,2,\Success\
SQ.DoctorReport,Not Started,,,,,OK,2025-07-30 11:33:15,0,2,\Success\
SQ.DoctorReportView,Not Started,,,,,SKIPPED,2025-07-30 11:33:15,0,3,\No scalar properties to export\
SQ.DonMisc,Not Started,,,,,OK,2025-07-30 11:33:15,0,2,\Success\
SQ.DonorProcedure,Not Started,,,,,OK,2025-07-30 11:33:15,0,2,\Success\
SQ.FeeSchedule,Not Started,,,,,SKIPPED,2025-07-30 11:33:15,0,3,\No scalar properties to export\
SQ.GLACCView,Not Started,,,,,SKIPPED,2025-07-30 11:33:15,0,3,\No scalar properties to export\
SQ.GLARKAdmit,Not Started,,,,,OK,2025-07-30 12:13:42,8871869,2,\Success\
SQ.GLARKCollect,Not Started,,,,,OK,2025-07-30 12:13:44,0,2,\Success\
SQ.GLARKHosp,Not Started,,,,,OK,2025-07-30 12:29:50,934988,2,\Success\
SQ.GLARKIDXCOLL,Not Started,,,,,OK,2025-07-30 13:58:19,21442808,2,\Success\
SQ.GLARKIDXCOLLView,Not Started,,,,,SKIPPED,2025-07-30 13:58:19,0,3,\No scalar properties to export\
SQ.GLARKObs,Not Started,,,,,OK,2025-07-31 05:03:40,260114602,2,\Success\
SQ.GLARKOrder,Not Started,,,,,OK,2025-07-31 15:00:32,51358610,2,\Success\
SQ.GLARKPatient,Not Started,,,,,OK,2025-07-31 15:56:18,934998,2,\Success\
SQ.GLARKResHist,Not Started,,,,,OK,2025-07-31 15:56:19,0,2,\Success\
SQ.GLARKResult,Not Started,,,,,OK,2025-08-01 08:08:27,299137270,2,\Success\
SQ.GLARKResultsView,Not Started,,,,,SKIPPED,2025-08-01 08:08:28,0,3,\No scalar properties to export\
SQ.GLARKSpecimen,Not Started,,,,,Not Started,,,,
SQ.GLARKTest,Not Started,,,,,Not Started,,,,
SQ.GLARKVisit,Not Started,,,,,Not Started,,,,
SQ.GLAccession,Not Started,,,,,Not Started,,,,
SQ.GLAccessionCntrlData,Not Started,,,,,Not Started,,,,
SQ.GLAccessionHistView,Not Started,,,,,Not Started,,,,
SQ.GLAccessionHistory,Not Started,,,,,Not Started,,,,
SQ.GLAccessionSpecData,Not Started,,,,,Not Started,,,,
SQ.GLAccessionView,Not Started,,,,,Not Started,,,,
SQ.GLAdmit,Not Started,,,,,Not Started,,,,
SQ.GLClient,Not Started,,,,,Not Started,,,,
SQ.GLClientInterest,Not Started,,,,,Not Started,,,,
SQ.GLClientView,Not Started,,,,,Not Started,,,,
SQ.GLClinValQueue,Not Started,,,,,Not Started,,,,
SQ.GLClinValQueueHistory,Not Started,,,,,Not Started,,,,
SQ.GLCollect,Not Started,,,,,Not Started,,,,
SQ.GLCollectedOrdersChild,Not Started,,,,,Not Started,,,,
SQ.GLCollectedOrdersParent,Not Started,,,,,Not Started,,,,
SQ.GLComment,Not Started,,,,,Not Started,,,,
SQ.GLCommentData,Not Started,,,,,Not Started,,,,
SQ.GLCommentPTR,Not Started,,,,,Not Started,,,,
SQ.GLCommentText,Not Started,,,,,Not Started,,,,
SQ.GLHosp,Not Started,,,,,Not Started,,,,
SQ.GLORDView,Not Started,,,,,Not Started,,,,
SQ.GLORDX,Not Started,,,,,Not Started,,,,
SQ.GLORDXMJ,Not Started,,,,,Not Started,,,,
SQ.GLORDXMJView,Not Started,,,,,Not Started,,,,
SQ.GLObs,Not Started,,,,,Not Started,,,,
SQ.GLOrder,Not Started,,,,,Not Started,,,,
SQ.GLPATView,Not Started,,,,,Not Started,,,,
SQ.GLPatient,Not Started,,,,,Not Started,,,,
SQ.GLPatientView,Not Started,,,,,Not Started,,,,
SQ.GLRESULTVIEW,Not Started,,,,,Not Started,,,,
SQ.GLRESView,Not Started,,,,,Not Started,,,,
SQ.GLReqNum,Not Started,,,,,Not Started,,,,
SQ.GLResHist,Not Started,,,,,Not Started,,,,
SQ.GLResult,Not Started,,,,,Not Started,,,,
SQ.GLResultText,Not Started,,,,,Not Started,,,,
SQ.GLSpecimen,Not Started,,,,,Not Started,,,,
SQ.GLTest,Not Started,,,,,Not Started,,,,
SQ.GLTestContainer,Not Started,,,,,Not Started,,,,
SQ.GLTstCont,Not Started,,,,,Not Started,,,,
SQ.GLUtilization,Not Started,,,,,Not Started,,,,
SQ.GLVisit,Not Started,,,,,Not Started,,,,
SQ.IDXBT,Not Started,,,,,Not Started,,,,
SQ.IDXBTView,Not Started,,,,,Not Started,,,,
SQ.IDXCHILD,Not Started,,,,,Not Started,,,,
SQ.IDXCrossRef,Not Started,,,,,Not Started,,,,
SQ.IDXGLView,Not Started,,,,,Not Started,,,,
SQ.IDXPARENT,Not Started,,,,,Not Started,,,,
SQ.IDXVIEW,Not Started,,,,,Not Started,,,,
SQ.LTN25,Not Started,,,,,Not Started,,,,
SQ.LTN25BPFUnitsView,Not Started,,,,,Not Started,,,,
SQ.LTN28Patient,Not Started,,,,,Not Started,,,,
SQ.LTN5AN,Not Started,,,,,Not Started,,,,
SQ.LTN5ANBat,Not Started,,,,,Not Started,,,,
SQ.LTN5ANClientInt,Not Started,,,,,Not Started,,,,
SQ.LTN5ANIntVector,Not Started,,,,,Not Started,,,,
SQ.LTN5ANOCDetail,Not Started,,,,,Not Started,,,,
SQ.LTN5ANPYDetail,Not Started,,,,,Not Started,,,,
SQ.LTN5ANTest,Not Started,,,,,Not Started,,,,
SQ.LTN5AccBattView,Not Started,,,,,Not Started,,,,
SQ.LTN5AccessionView,Not Started,,,,,Not Started,,,,
SQ.LTN5BatteryView,Not Started,,,,,Not Started,,,,
SQ.LTN5GLView,Not Started,,,,,Not Started,,,,
SQ.LTN5Order,Not Started,,,,,Not Started,,,,
SQ.LTN61PDef,Not Started,,,,,Not Started,,,,
SQ.LTN61Proc,Not Started,,,,,Not Started,,,,
SQ.LTN62DonUpd,Not Started,,,,,Not Started,,,,
SQ.LTN7GLVIEW,Not Started,,,,,Not Started,,,,
SQ.LTN7GLabView,Not Started,,,,,Not Started,,,,
SQ.LTN7Observation,Not Started,,,,,Not Started,,,,
SQ.LTN7Order,Not Started,,,,,Not Started,,,,
SQ.LTN7OrderComment,Not Started,,,,,Not Started,,,,
SQ.LTN7Result,Not Started,,,,,Not Started,,,,
SQ.LTN7ResultText,Not Started,,,,,Not Started,,,,
SQ.LTN7ResultView,Not Started,,,,,Not Started,,,,
SQ.LTN7Test,Not Started,,,,,Not Started,,,,
SQ.LTN7TestReflex,Not Started,,,,,Not Started,,,,
SQ.LTN8AN,Not Started,,,,,Not Started,,,,
SQ.LTN8BTView,Not Started,,,,,Not Started,,,,
SQ.LTN8Bat,Not Started,,,,,Not Started,,,,
SQ.LTN8GLView,Not Started,,,,,Not Started,,,,
SQ.LTN8GLabView,Not Started,,,,,Not Started,,,,
SQ.LTN8View,Not Started,,,,,Not Started,,,,
SQ.MABLCTAdmin,Not Started,,,,,Not Started,,,,
SQ.MABLCTProc,Not Started,,,,,Not Started,,,,
SQ.MABLCTVol,Not Started,,,,,Not Started,,,,
SQ.MABLCrossMatchUn,Not Started,,,,,Not Started,,,,
SQ.MABLFeeSchedules,Not Started,,,,,Not Started,,,,
SQ.MABLMicroMethod,Not Started,,,,,Not Started,,,,
SQ.MABLOptionTypes,Not Started,,,,,Not Started,,,,
SQ.MABLOrderCodeFees,Not Started,,,,,Not Started,,,,
SQ.MABLPhlebWkld,Not Started,,,,,Not Started,,,,
SQ.MABLSB,Not Started,,,,,Not Started,,,,
SQ.MABLSpecBillFields,Not Started,,,,,Not Started,,,,
SQ.MABLSpecialBillGrps,Not Started,,,,,Not Started,,,,
SQ.MABTCAP,Not Started,,,,,Not Started,,,,
SQ.MABTCumHdr,Not Started,,,,,Not Started,,,,
SQ.MABTHP,Not Started,,,,,Not Started,,,,
SQ.MABTLC,Not Started,,,,,Not Started,,,,
SQ.MABTLR,Not Started,,,,,Not Started,,,,
SQ.MABTRes,Not Started,,,,,Not Started,,,,
SQ.MABTTST,Not Started,,,,,Not Started,,,,
SQ.MABTText,Not Started,,,,,Not Started,,,,
SQ.MABatTst,Not Started,,,,,Not Started,,,,
SQ.MABattery,Not Started,,,,,Not Started,,,,
SQ.MABlSpecialBillOptions,Not Started,,,,,Not Started,,,,
SQ.MACUM,Not Started,,,,,Not Started,,,,
SQ.MAClientRptsDflt,Not Started,,,,,Not Started,,,,
SQ.MAClientRptsDfltView,Not Started,,,,,Not Started,,,,
SQ.MAColWorksheetData,Not Started,,,,,Not Started,,,,
SQ.MACumDescCol,Not Started,,,,,Not Started,,,,
SQ.MACumDescTest,Not Started,,,,,Not Started,,,,
SQ.MACumDescript,Not Started,,,,,Not Started,,,,
SQ.MACumGenHdr,Not Started,,,,,Not Started,,,,
SQ.MACumPrintColumn,Not Started,,,,,Not Started,,,,
SQ.MACumPrintOrder,Not Started,,,,,Not Started,,,,
SQ.MACumView,Not Started,,,,,Not Started,,,,
SQ.MACupWorksheetAssign,Not Started,,,,,Not Started,,,,
SQ.MADiagCode,Not Started,,,,,Not Started,,,,
SQ.MAENGLISHTEXT,Not Started,,,,,Not Started,,,,
SQ.MAEngTextMoView,Not Started,,,,,Not Started,,,,
SQ.MAGenWorksheetData,Not Started,,,,,Not Started,,,,
SQ.MAGroupPhysicians,Not Started,,,,,Not Started,,,,
SQ.MAGrpLocLst,Not Started,,,,,Not Started,,,,
SQ.MAGrpLocsView,Not Started,,,,,Not Started,,,,
SQ.MAHOSPCD,Not Started,,,,,Not Started,,,,
SQ.MAHOSPNUM,Not Started,,,,,Not Started,,,,
SQ.MAIDXSpotCode,Not Started,,,,,Not Started,,,,
SQ.MALabDept,Not Started,,,,,Not Started,,,,
SQ.MALabLoc,Not Started,,,,,Not Started,,,,
SQ.MALocGroup,Not Started,,,,,Not Started,,,,
SQ.MALocationView,Not Started,,,,,Not Started,,,,
SQ.MAOrdCode,Not Started,,,,,Not Started,,,,
SQ.MAOrdFacility,Not Started,,,,,Not Started,,,,
SQ.MAOrdTests,Not Started,,,,,Not Started,,,,
SQ.MAOrdTestsType,Not Started,,,,,Not Started,,,,
SQ.MAOrdText,Not Started,,,,,Not Started,,,,
SQ.MAOrdView,Not Started,,,,,Not Started,,,,
SQ.MAPATLC,Not Started,,,,,Not Started,,,,
SQ.MAPLabFormatInfoView,Not Started,,,,,Not Started,,,,
SQ.MAPackage,Not Started,,,,,Not Started,,,,
SQ.MAPackageView,Not Started,,,,,Not Started,,,,
SQ.MAPerformingLab,Not Started,,,,,Not Started,,,,
SQ.MAPerformingLabView,Not Started,,,,,Not Started,,,,
SQ.MAPhysAddInfo,Not Started,,,,,Not Started,,,,
SQ.MAPhysCode,Not Started,,,,,Not Started,,,,
SQ.MAPhysCodeToClientIDView,Not Started,,,,,Not Started,,,,
SQ.MAPhysCodeView,Not Started,,,,,Not Started,,,,
SQ.MAPhysGroup,Not Started,,,,,Not Started,,,,
SQ.MAPhysGroupView,Not Started,,,,,Not Started,,,,
SQ.MAPhysType,Not Started,,,,,Not Started,,,,
SQ.MAPkgBtTst,Not Started,,,,,Not Started,,,,
SQ.MAPlabAddr,Not Started,,,,,Not Started,,,,
SQ.MAPlabFormatInfo,Not Started,,,,,Not Started,,,,
SQ.MAPlabLocations,Not Started,,,,,Not Started,,,,
SQ.MAPlabPatLoc,Not Started,,,,,Not Started,,,,
SQ.MAPlabPatLocView,Not Started,,,,,Not Started,,,,
SQ.MAPlabPhone,Not Started,,,,,Not Started,,,,
SQ.MAPlabXRef,Not Started,,,,,Not Started,,,,
SQ.MAPlabXRefView,Not Started,,,,,Not Started,,,,
SQ.MAPtLoc,Not Started,,,,,Not Started,,,,
SQ.MAPtLocView,Not Started,,,,,Not Started,,,,
SQ.MAQAMeth,Not Started,,,,,Not Started,,,,
SQ.MAQAMethRngVIEW,Not Started,,,,,Not Started,,,,
SQ.MAQARangeSpecies,Not Started,,,,,Not Started,,,,
SQ.MAQC,Not Started,,,,,Not Started,,,,
SQ.MARACKIDCONT,Not Started,,,,,Not Started,,,,
SQ.MARackID,Not Started,,,,,Not Started,,,,
SQ.MARefLab,Not Started,,,,,Not Started,,,,
SQ.MASMRGenMaint,Not Started,,,,,Not Started,,,,
SQ.MASMRHoliday,Not Started,,,,,Not Started,,,,
SQ.MASMRNumberMaint,Not Started,,,,,Not Started,,,,
SQ.MASMROCTRNS,Not Started,,,,,Not Started,,,,
SQ.MASMROrderCodePurge,Not Started,,,,,Not Started,,,,
SQ.MASMRSPOTORDS,Not Started,,,,,Not Started,,,,
SQ.MASMRSpecType,Not Started,,,,,Not Started,,,,
SQ.MASTARTSPOTRULE,Not Started,,,,,Not Started,,,,
SQ.MASTARTSPOTSORT,Not Started,,,,,Not Started,,,,
SQ.MASpotID,Not Started,,,,,Not Started,,,,
SQ.MASpotIDChildSpotIDView,Not Started,,,,,Not Started,,,,
SQ.MASpotIDChildSpotIDXRef,Not Started,,,,,Not Started,,,,
SQ.MASpotIDContainerList,Not Started,,,,,Not Started,,,,
SQ.MASpotIDContainerListView,Not Started,,,,,Not Started,,,,
SQ.MASpotIDDecantHandlingVie,Not Started,,,,,Not Started,,,,
SQ.MASpotIDDecantInstruct,Not Started,,,,,Not Started,,,,
SQ.MASpotIDMoveToSpot,Not Started,,,,,Not Started,,,,
SQ.MASpotIDMoveToSpotView,Not Started,,,,,Not Started,,,,
SQ.MASpotIDOfflineSched,Not Started,,,,,Not Started,,,,
SQ.MASpotIDOfflineSchedView,Not Started,,,,,Not Started,,,,
SQ.MASpotIDPrePostHandling,Not Started,,,,,Not Started,,,,
SQ.MASpotIDPrePostHandlingVi,Not Started,,,,,Not Started,,,,
SQ.MASpotIDPriceView,Not Started,,,,,Not Started,,,,
SQ.MASpotIDPriority,Not Started,,,,,Not Started,,,,
SQ.MASpotIDPriorityView,Not Started,,,,,Not Started,,,,
SQ.MASynBTTstXref,Not Started,,,,,Not Started,,,,
SQ.MASynBatTst,Not Started,,,,,Not Started,,,,
SQ.MASyndrome,Not Started,,,,,Not Started,,,,
SQ.MATEST,Not Started,,,,,Not Started,,,,
SQ.MATSTPTLOC,Not Started,,,,,Not Started,,,,
SQ.MATSTWksheetPointer,Not Started,,,,,Not Started,,,,
SQ.MATechCode,Not Started,,,,,Not Started,,,,
SQ.MATestSS,Not Started,,,,,Not Started,,,,
SQ.MATextCode,Not Started,,,,,Not Started,,,,
SQ.MATubeType,Not Started,,,,,Not Started,,,,
SQ.MAWkldMeth,Not Started,,,,,Not Started,,,,
SQ.MAWorksheetView,Not Started,,,,,Not Started,,,,
SQ.MCBIOTYPEView,Not Started,,,,,Not Started,,,,
SQ.MCDrug,Not Started,,,,,Not Started,,,,
SQ.MCDrugText,Not Started,,,,,Not Started,,,,
SQ.MCORGView,Not Started,,,,,Not Started,,,,
SQ.MCOrder,Not Started,,,,,Not Started,,,,
SQ.MCOrderView,Not Started,,,,,Not Started,,,,
SQ.MCOrgBiotype,Not Started,,,,,Not Started,,,,
SQ.MCOrganism,Not Started,,,,,Not Started,,,,
SQ.MCPtSusc,Not Started,,,,,Not Started,,,,
SQ.MCPtSuscIntMedDrugs,Not Started,,,,,Not Started,,,,
SQ.MCPtSuscResDrugs,Not Started,,,,,Not Started,,,,
SQ.MCPtSuscSensDrugs,Not Started,,,,,Not Started,,,,
SQ.MCPtSuscView,Not Started,,,,,Not Started,,,,
SQ.MCRESView,Not Started,,,,,Not Started,,,,
SQ.MCResAllCtxt,Not Started,,,,,Not Started,,,,
SQ.MCResAllCtxtView,Not Started,,,,,Not Started,,,,
SQ.MCResBatAcc,Not Started,,,,,Not Started,,,,
SQ.MCResBatAccView,Not Started,,,,,Not Started,,,,
SQ.MCResBio,Not Started,,,,,Not Started,,,,
SQ.MCResBioView,Not Started,,,,,Not Started,,,,
SQ.MCResCultAbnrml,Not Started,,,,,Not Started,,,,
SQ.MCResDeCtxt,Not Started,,,,,Not Started,,,,
SQ.MCResDrugCtxt,Not Started,,,,,Not Started,,,,
SQ.MCResHoldBio,Not Started,,,,,Not Started,,,,
SQ.MCResHoldBioView,Not Started,,,,,Not Started,,,,
SQ.MCResHoldCultAbnrml,Not Started,,,,,Not Started,,,,
SQ.MCResHoldSusc,Not Started,,,,,Not Started,,,,
SQ.MCResHoldSuscView,Not Started,,,,,Not Started,,,,
SQ.MCResOrgCtxt,Not Started,,,,,Not Started,,,,
SQ.MCResSngFind,Not Started,,,,,Not Started,,,,
SQ.MCResSusc,Not Started,,,,,Not Started,,,,
SQ.MCResSuscView,Not Started,,,,,Not Started,,,,
SQ.MCSensiBatDict,Not Started,,,,,Not Started,,,,
SQ.MCSensiExtRteInt,Not Started,,,,,Not Started,,,,
SQ.MCSensiExtend,Not Started,,,,,Not Started,,,,
SQ.MCSensiExtendIntrp,Not Started,,,,,Not Started,,,,
SQ.MCSensiExtendRoute,Not Started,,,,,Not Started,,,,
SQ.MCSensiFluidCode,Not Started,,,,,Not Started,,,,
SQ.MCSensiInterDict,Not Started,,,,,Not Started,,,,
SQ.MCSensiIntrp,Not Started,,,,,Not Started,,,,
SQ.MCSensiSpecBF,Not Started,,,,,Not Started,,,,
SQ.MCSpecimen,Not Started,,,,,Not Started,,,,
SQ.MCStatBat,Not Started,,,,,Not Started,,,,
SQ.MCStatBatOrg,Not Started,,,,,Not Started,,,,
SQ.MCStatBatSpec,Not Started,,,,,Not Started,,,,
SQ.MCStatBatSpecView,Not Started,,,,,Not Started,,,,
SQ.MCStatLoc,Not Started,,,,,Not Started,,,,
SQ.MCStatPatBat,Not Started,,,,,Not Started,,,,
SQ.MCStatPatDrug,Not Started,,,,,Not Started,,,,
SQ.MCStatPatDrugView,Not Started,,,,,Not Started,,,,
SQ.MCStatPatMth,Not Started,,,,,Not Started,,,,
SQ.MCStatPatOrg,Not Started,,,,,Not Started,,,,
SQ.MCStatPatOrgView,Not Started,,,,,Not Started,,,,
SQ.MCStatPatSpec,Not Started,,,,,Not Started,,,,
SQ.MCStatPtDrug,Not Started,,,,,Not Started,,,,
SQ.MCStatPtDrugView,Not Started,,,,,Not Started,,,,
SQ.MCStatPtOrg,Not Started,,,,,Not Started,,,,
SQ.MCStatPtOrgView,Not Started,,,,,Not Started,,,,
SQ.MCSuscDrug,Not Started,,,,,Not Started,,,,
SQ.MCSuscDrugView,Not Started,,,,,Not Started,,,,
SQ.MCSuscept,Not Started,,,,,Not Started,,,,
SQ.MCTest,Not Started,,,,,Not Started,,,,
SQ.MCTestData,Not Started,,,,,Not Started,,,,
SQ.MCWorkup,Not Started,,,,,Not Started,,,,
SQ.MCWorkupView,Not Started,,,,,Not Started,,,,
SQ.MGAPBILLVIEW,Not Started,,,,,Not Started,,,,
SQ.MGAPBilling,Not Started,,,,,Not Started,,,,
SQ.MGAPBillingDetail,Not Started,,,,,Not Started,,,,
SQ.MGBILLView,Not Started,,,,,Not Started,,,,
SQ.MGBilling,Not Started,,,,,Not Started,,,,
SQ.MGIBill,Not Started,,,,,Not Started,,,,
SQ.MGLabVolStats,Not Started,,,,,Not Started,,,,
SQ.MGQCView,Not Started,,,,,Not Started,,,,
SQ.MGRevStats,Not Started,,,,,Not Started,,,,
SQ.MGRevStatsView,Not Started,,,,,Not Started,,,,
SQ.MGRuleLog,Not Started,,,,,Not Started,,,,
SQ.MGTATColl,Not Started,,,,,Not Started,,,,
SQ.MGTATOrd,Not Started,,,,,Not Started,,,,
SQ.MGTATRes,Not Started,,,,,Not Started,,,,
SQ.MGTATView,Not Started,,,,,Not Started,,,,
SQ.MGVolStats,Not Started,,,,,Not Started,,,,
SQ.MGVolStatsView,Not Started,,,,,Not Started,,,,
SQ.MGWkldDay,Not Started,,,,,Not Started,,,,
SQ.MGWkldMon,Not Started,,,,,Not Started,,,,
SQ.MHAccTime,Not Started,,,,,Not Started,,,,
SQ.MHAddress,Not Started,,,,,Not Started,,,,
SQ.MHBatchStatus,Not Started,,,,,Not Started,,,,
SQ.MHBirthdate,Not Started,,,,,Not Started,,,,
SQ.MHBit,Not Started,,,,,Not Started,,,,
SQ.MHBitVal,Not Started,,,,,Not Started,,,,
SQ.MHBloodType,Not Started,,,,,Not Started,,,,
SQ.MHCDBClient,Not Started,,,,,Not Started,,,,
SQ.MHComment,Not Started,,,,,Not Started,,,,
SQ.MHCommentTrans,Not Started,,,,,Not Started,,,,
SQ.MHContHistStatus,Not Started,,,,,Not Started,,,,
SQ.MHContStatusBitmap,Not Started,,,,,Not Started,,,,
SQ.MHConvert,Not Started,,,,,Not Started,,,,
SQ.MHDataTypes,Not Started,,,,,Not Started,,,,
SQ.MHDate,Not Started,,,,,Not Started,,,,
SQ.MHDaysOfWeek,Not Started,,,,,Not Started,,,,
SQ.MHEnglishText,Not Started,,,,,Not Started,,,,
SQ.MHHospID,Not Started,,,,,Not Started,,,,
SQ.MHHourMinute,Not Started,,,,,Not Started,,,,
SQ.MHIsu,Not Started,,,,,Not Started,,,,
SQ.MHIsuInfo,Not Started,,,,,Not Started,,,,
SQ.MHMultChoice,Not Started,,,,,Not Started,,,,
SQ.MHName,Not Started,,,,,Not Started,,,,
SQ.MHNoHosp,Not Started,,,,,Not Started,,,,
SQ.MHNumeric,Not Started,,,,,Not Started,,,,
SQ.MHOrderModifier,Not Started,,,,,Not Started,,,,
SQ.MHPatientNum,Not Started,,,,,Not Started,,,,
SQ.MHRackActivityStat,Not Started,,,,,Not Started,,,,
SQ.MHResultMonth,Not Started,,,,,Not Started,,,,
SQ.MHSigFndDate,Not Started,,,,,Not Started,,,,
SQ.MHTestsInBat,Not Started,,,,,Not Started,,,,
SQ.MHTime,Not Started,,,,,Not Started,,,,
SQ.MHTranslate,Not Started,,,,,Not Started,,,,
SQ.MHYesNo,Not Started,,,,,Not Started,,,,
SQ.MMASpecimenCategoryCode,Not Started,,,,,Not Started,,,,
SQ.MMASpecimenDescriptionCode,Not Started,,,,,Not Started,,,,
SQ.MRSAReportView,Not Started,,,,,Not Started,,,,
SQ.MaPhysClient,Not Started,,,,,Not Started,,,,
SQ.MonRevBC,Not Started,,,,,Not Started,,,,
SQ.MonRevBL,Not Started,,,,,Not Started,,,,
SQ.MonRevHID,Not Started,,,,,Not Started,,,,
SQ.MonRevLC,Not Started,,,,,Not Started,,,,
SQ.MonRevLD,Not Started,,,,,Not Started,,,,
SQ.MonRevMJ,Not Started,,,,,Not Started,,,,
SQ.MonRevOC,Not Started,,,,,Not Started,,,,
SQ.MonRevRL,Not Started,,,,,Not Started,,,,
SQ.MonRevView,Not Started,,,,,Not Started,,,,
SQ.PatientLocation,Not Started,,,,,Not Started,,,,
SQ.PatientLocationView,Not Started,,,,,Not Started,,,,
SQ.QCCtlData,Not Started,,,,,Not Started,,,,
SQ.QCCtlRes,Not Started,,,,,Not Started,,,,
SQ.QCDetailView,Not Started,,,,,Not Started,,,,
SQ.QCHybridBlendedReport,Not Started,,,,,Not Started,,,,
SQ.QCHybridReport,Not Started,,,,,Not Started,,,,
SQ.QCLot,Not Started,,,,,Not Started,,,,
SQ.QCMonStat,Not Started,,,,,Not Started,,,,
SQ.QCReportResultView,Not Started,,,,,Not Started,,,,
SQ.QCResult,Not Started,,,,,Not Started,,,,
SQ.QCStatisticsValue,Not Started,,,,,Not Started,,,,
SQ.REVERSEGLRES,Not Started,,,,,Not Started,,,,
SQ.ROOrder,Not Started,,,,,Not Started,,,,
SQ.ROPatient,Not Started,,,,,Not Started,,,,
SQ.ROPatientView,Not Started,,,,,Not Started,,,,
SQ.ROSpecimen,Not Started,,,,,Not Started,,,,
SQ.ROTest,Not Started,,,,,Not Started,,,,
SQ.ROTestView,Not Started,,,,,Not Started,,,,
SQ.RPTHEADER,Not Started,,,,,Not Started,,,,
SQ.RTECDBView,Not Started,,,,,Not Started,,,,
SQ.RTECourierDest,Not Started,,,,,Not Started,,,,
SQ.RTECourierDestClient,Not Started,,,,,Not Started,,,,
SQ.RTECourierDestCmnt,Not Started,,,,,Not Started,,,,
SQ.RTECourierDestInstruc,Not Started,,,,,Not Started,,,,
SQ.RTECourierDestLocPhys,Not Started,,,,,Not Started,,,,
SQ.RTECourierDestPhys,Not Started,,,,,Not Started,,,,
SQ.RTECourierDestSched,Not Started,,,,,Not Started,,,,
SQ.RTECourierDestSchedView,Not Started,,,,,Not Started,,,,
SQ.RTECourierDestStops,Not Started,,,,,Not Started,,,,
SQ.RTECourierRoutes,Not Started,,,,,Not Started,,,,
SQ.RTECourierRoutesCmnt,Not Started,,,,,Not Started,,,,
SQ.RTECourierRoutesInstruc,Not Started,,,,,Not Started,,,,
SQ.RTECourierRoutesSched,Not Started,,,,,Not Started,,,,
SQ.RTECourierRoutesSchedView,Not Started,,,,,Not Started,,,,
SQ.RTECourierRoutesStopsSeq,Not Started,,,,,Not Started,,,,
SQ.RTECourierStops,Not Started,,,,,Not Started,,,,
SQ.RTECourierStopsCmnt,Not Started,,,,,Not Started,,,,
SQ.RTECourierStopsDestSeq,Not Started,,,,,Not Started,,,,
SQ.RTECourierStopsInstruc,Not Started,,,,,Not Started,,,,
SQ.RTECourierStopsRoutes,Not Started,,,,,Not Started,,,,
SQ.RTEDestClientView,Not Started,,,,,Not Started,,,,
SQ.RTEDestStopView,Not Started,,,,,Not Started,,,,
SQ.RTEDestsLocPhysView,Not Started,,,,,Not Started,,,,
SQ.RTERoutesStopSeq,Not Started,,,,,Not Started,,,,
SQ.RTEStopsRoutesView,Not Started,,,,,Not Started,,,,
SQ.RTEStopsSeqView,Not Started,,,,,Not Started,,,,
SQ.ReceiveTubeType,Not Started,,,,,Not Started,,,,
SQ.ReceiveTubeTypeView,Not Started,,,,,Not Started,,,,
SQ.SCDetail,Not Started,,,,,Not Started,,,,
SQ.SCInfo,Not Started,,,,,Not Started,,,,
SQ.SMRANCIDXref,Not Started,,,,,Not Started,,,,
SQ.SMRBatchChildBatch,Not Started,,,,,Not Started,,,,
SQ.SMRBatchChildBatchXRefVie,Not Started,,,,,Not Started,,,,
SQ.SMRBatchComments,Not Started,,,,,Not Started,,,,
SQ.SMRBatchContainer,Not Started,,,,,Not Started,,,,
SQ.SMRBatchContainerView,Not Started,,,,,Not Started,,,,
SQ.SMRBatchHistory,Not Started,,,,,Not Started,,,,
SQ.SMRBatchHistoryView,Not Started,,,,,Not Started,,,,
SQ.SMRBatchInformation,Not Started,,,,,Not Started,,,,
SQ.SMRChildContainerXRefView,Not Started,,,,,Not Started,,,,
SQ.SMRContChildContXRef,Not Started,,,,,Not Started,,,,
SQ.SMRContPatientChildXRef,Not Started,,,,,Not Started,,,,
SQ.SMRContPatientChildXRefVi,Not Started,,,,,Not Started,,,,
SQ.SMRContainer,Not Started,,,,,Not Started,,,,
SQ.SMRContainerComment,Not Started,,,,,Not Started,,,,
SQ.SMRContainerCommentView,Not Started,,,,,Not Started,,,,
SQ.SMRContainerHistory,Not Started,,,,,Not Started,,,,
SQ.SMRContainerHistoryView,Not Started,,,,,Not Started,,,,
SQ.SMRContainerPatientSpec,Not Started,,,,,Not Started,,,,
SQ.SMRContainerPatientSpecVi,Not Started,,,,,Not Started,,,,
SQ.SMRContainerPatientTest,Not Started,,,,,Not Started,,,,
SQ.SMRContainerPatientTestVi,Not Started,,,,,Not Started,,,,
SQ.SMRContainerRoute,Not Started,,,,,Not Started,,,,
SQ.SMRContainerRouteView,Not Started,,,,,Not Started,,,,
SQ.SMRContainerView,Not Started,,,,,Not Started,,,,
SQ.SMRCrossRef,Not Started,,,,,Not Started,,,,
SQ.SMRFilterDef,Not Started,,,,,Not Started,,,,
SQ.SMRFilterDestSPOT,Not Started,,,,,Not Started,,,,
SQ.SMRFilterSourceSPOT,Not Started,,,,,Not Started,,,,
SQ.SMRFilterTestCode,Not Started,,,,,Not Started,,,,
SQ.SMRFilterView,Not Started,,,,,Not Started,,,,
SQ.SMRNumberAssignControl,Not Started,,,,,Not Started,,,,
SQ.SMRPatientContainerXRef,Not Started,,,,,Not Started,,,,
SQ.SMRRackHistory,Not Started,,,,,Not Started,,,,
SQ.SMRRackHistoryView,Not Started,,,,,Not Started,,,,
SQ.SMRRackInformation,Not Started,,,,,Not Started,,,,
SQ.SMRRackInformationView,Not Started,,,,,Not Started,,,,
SQ.SMRRackSlotID,Not Started,,,,,Not Started,,,,
SQ.SMRRackSlotIDView,Not Started,,,,,Not Started,,,,
SQ.SMRResourceStatus,Not Started,,,,,Not Started,,,,
SQ.SMRResourceStatusView,Not Started,,,,,Not Started,,,,
SQ.SMRStartSPOT,Not Started,,,,,Not Started,,,,
SQ.SMRStartSearchSPOT,Not Started,,,,,Not Started,,,,
SQ.SOOrderReq,Not Started,,,,,Not Started,,,,
SQ.SOOrderReqView,Not Started,,,,,Not Started,,,,
SQ.SOSchedDate,Not Started,,,,,Not Started,,,,
SQ.SOSchedDateView,Not Started,,,,,Not Started,,,,
SQ.SOSchedOrder,Not Started,,,,,Not Started,,,,
SQ.SQDataTypes,Not Started,,,,,Not Started,,,,
SQ.SREGAccLevel,Not Started,,,,,Not Started,,,,
SQ.SREGPtLevel,Not Started,,,,,Not Started,,,,
SQ.SREGVisitLevel,Not Started,,,,,Not Started,,,,
SQ.SYSVALS,Not Started,,,,,Not Started,,,,
SQ.SynAcc,Not Started,,,,,Not Started,,,,
SQ.SynBat,Not Started,,,,,Not Started,,,,
SQ.SynHIDXref,Not Started,,,,,Not Started,,,,
SQ.SynMergeHist,Not Started,,,,,Not Started,,,,
SQ.SynOrdEventView,Not Started,,,,,Not Started,,,,
SQ.SynOrdXref,Not Started,,,,,Not Started,,,,
SQ.SynOrder,Not Started,,,,,Not Started,,,,
SQ.SynPatient,Not Started,,,,,Not Started,,,,
SQ.SynPrintXref,Not Started,,,,,Not Started,,,,
SQ.SynTest,Not Started,,,,,Not Started,,,,
SQ.Syndrome,Not Started,,,,,Not Started,,,,
SQ.SysMsg,Not Started,,,,,Not Started,,,,
SQ.TESTBILLING,Not Started,,,,,Not Started,,,,
SQ.TrackSpecimenBat,Not Started,,,,,Not Started,,,,
SQ.TrackSpecimenTest,Not Started,,,,,Not Started,,,,
SQ.UnitsStatFile,Not Started,,,,,Not Started,,,,
SQ.imcmicrorpt,Not Started,,,,,Not Started,,,,
TOTALS,"OK: 180, SKIPPED: 48, Not Started: 1385",,,,,"OK: 189, SKIPPED: 50, Not Started: 1374",,,,
